Workbook

Sheet Discounts
A1: Customer name: | B1: Plastok OÜ
A2: Customer code: | B2: 11438
A4: Article | B4: Discount % | C4: Article Group
A5: SBR
A6: Black Miami | B6: 60 | C6: A1
A7: Zen Star | B7: 65 | C7: A2
A8: Black Miami 50 | B8: 58 | C8: A3
A9: NBR
A10: Satyr Eco | B10: 60 | C10: B1
A11: Satyr Medium | B11: 60 | C11: B2
A12: Satyr Premium | B12: 60 | C12: B3
A13: Satyr 50 | B13: 58 | C13: B4
A14: EPDM
A15: Manticore Eco | B15: 60 | C15: C1
A16: Manticore Medium | B16: 60 | C16: C2
A17: Manticore Premium | B17: 65 | C17: C3
A18: Manticore 50 | B18: 58 | C18: C4
A19: Manticore Aqua | B19: 65 | C19: C5
A20: Manticore Peroxid | B20: 65 | C20: C6
A21: CR
A22: Wendigo Eco | B22: 60 | C22: D1
A23: Wendigo Medium | B23: 58 | C23: D2
A24: Wendigo Premium | B24: 58 | C24: D3
A25: Wendigo 50 | B25: 58 | C25: D4
A26: Para
A27: Typhon Beige | B27: 65 | C27: E1
A28: Typhon Grey | B28: 65 | C28: E1
A29: Centaur Red | B29: 65 | C29: E2
A30: Centaur Black 40 | B30: 65 | C30: E8
A31: Abraline 60 | B31: 65 | C31: E31
A32: Centaur Black 60 | B32: 65 | C32: E9
A33: Red Dragoon | B33: 65 | C33: E5
A34: Typhon Dustsealing | B34: 70 | C34: E18
A35: Food Grade & VMQ
A36: Pegasus SBR | B36: 60 | C36: F1
A37: Pegasus NBR | B37: 60 | C37: F2
A38: Pegasus EPDM | B38: 60 | C38: F3
A39: Pegasus CR | B39: 60 | C39: F4
A40: Viking Translucent | B40: 60 | C40: F5
A41: Viking Red | B41: 60 | C41: F5
A42: Viking Blue | B42: 60 | C42: F5
A43: Viking White | B43: 60 | C43: F5
A44: Viking Translucent 40 | B44: 60 | C44: F5
A45: FKM
A46: Karibu FKM A | B46: 62 | C46: G
A47: Various
A48: Kabira Neobenzid | B48: 55 | C48: H1
A49: Serra 60 | B49: 55 | C49: H2
A50: Rama | B50: 55 | C50: H3
A51: Matting
A52: Cobra | B52: 55 | C52: I1
A53: Feniks insulation matting | B53: 60 | C53: I2
A54: Saturn fine rib | B54: 60 | C54: I3
A55: Saturn Basic fine rib | B55: 60 | C55: I4
A56: Saturn Basic fine rib NBR | B56: 60 | C56: I17
A57: Saturn Eco mini fine rib | B57: 60 | C57: I5
A58: Athena Broad Rib | B58: 60 | C58: I6
A59: Freya block rib | B59: 60 | C59: I7
A60: Hurricane wide rib | B60: 60 | C60: I20
A61: Hurricane Eco wide rib | B61: 60 | C61: I8
A62: Hektor Truck Rib | B62: 60 | C62: I9
A63: Vidar coin mat | B63: 60 | C63: I10
... A74: NoVibraMat | B74: 60 | C74: I16

Sheet SBR
A1: NR/SBR Rubber sheets
A2: Black Miami | H2: Datasheet
A3: Thickness (mm) | B3: Insertion(s) | C3: Insertion type | D3: Width (mtr) | E3: Length (mtr) | F3: Article nr. | G3: Gross sales price per SQM in EUR | H3: Nett price per SQM in EUR
A4: 1 | B4: - | C4: - | D4: 1.4 | E4: 10 | F4: SX70150 1/0 | G4: 8 | H4: =G4*((100-Discounts!$B$6)/100) -> 3.2
A5: 1 | B5: - | C5: - | D5: 1.4 | E5: 20 | F5: SX70150 1/0 | G5: 8 | H5: =G5*((100-Discounts!$B$6)/100) -> 3.2
A6: 1.5 | B6: - | C6: - | D6: 1.4 | E6: 15 | F6: SX70150 1,5/0 | G6: 9.5 | H6: =G6*((100-Discounts!$B$6)/100) -> 3.8
A7: 1.5 | B7: - | C7: - | D7: 1.5 | E7: 15 | F7: SX70150 1,5/0 | G7: 9.5 | H7: =G7*((100-Discounts!$B$6)/100) -> 3.8
A8: 2 | B8: - | C8: - | D8: 1.2 | E8: 10 | F8: SX70150 2/0 | G8: 12 | H8: =G8*((100-Discounts!$B$6)/100) -> 4.8
A9: 2 | B9: - | C9: - | D9: 1.4 | E9: 10 | F9: SX70150 2/0 | G9: 12 | H9: =G9*((100-Discounts!$B$6)/100) -> 4.8
A10: 2 | B10: - | C10: - | D10: 1.4 | E10: 20 | F10: SX70150 2/0 | G10: 12 | H10: =G10*((100-Discounts!$B$6)/100) -> 4.8
A11: 3 | B11: - | C11: - | D11: 1.2 | E11: 10 | F11: SX70150 3/0 | G11: 17.25 | H11: =G11*((100-Discounts!$B$6)/100) -> 6.9
A12: 3 | B12: - | C12: - | D12: 1.4 | E12: 10 | F12: SX70150 3/0 | G12: 17.25 | H12: =G12*((100-Discounts!$B$6)/100) -> 6.9
A13: 3 | B13: - | C13: - | D13: 1.4 | E13: 20 | F13: SX70150 3/0 | G13: 17.25 | H13: =G13*((100-Discounts!$B$6)/100) -> 6.9
A14: 3 | B14: - | C14: - | D14: 1.8 | E14: 10 | F14: SX70150 3/0 | G14: 17.25 | H14: =G14*((100-Discounts!$B$6)/100) -> 6.9
A15: 4 | B15: - | C15: - | D15: 1.2 | E15: 10 | F15: SX70150 4/0 | G15: 22.75 | H15: =G15*((100-Discounts!$B$6)/100) -> 9.1
... A34: 30 | B34: - | C34: - | D34: 1.4 | E34: 5 | F34: SX70150 30/0 | G34: 166.75 | H34: =G34*((100-Discounts!$B$6)/100) -> 66.7
A35: Black Miami with insertion(s) | H35: Datasheet
A36: Thickness (mm) | B36: Insertion(s) | C36: Insertion type | D36: Width (mtr) | E36: Length (mtr) | F36: Article nr. | G36: Gross sales price per SQM in EUR | H36: Nett price per SQM in EUR
A37: 1.5 | B37: 1 | C37: cotton | D37: 1.4 | E37: 15 | F37: SX70151 1,5/1 | G37: 11 | H37: =G37*((100-Discounts!$B$6)/100) -> 4.4
A38: 2 | B38: 1 | C38: cotton | D38: 1.2 | E38: 10 | F38: SX70151 2/1 | G38: 13.5 | H38: =G38*((100-Discounts!$B$6)/100) -> 5.4
A39: 2 | B39: 1 | C39: cotton | D39: 1.4 | E39: 10 | F39: SX70151 2/1 | G39: 13.5 | H39: =G39*((100-Discounts!$B$6)/100) -> 5.4
A40: 3 | B40: 1 | C40: cotton | D40: 1.2 | E40: 10 | F40: SX70151 3/1 | G40: 18.75 | H40: =G40*((100-Discounts!$B$6)/100) -> 7.5
A41: 3 | B41: 1 | C41: cotton | D41: 1.4 | E41: 10 | F41: SX70151 3/1 | G41: 18.75 | H41: =G41*((100-Discounts!$B$6)/100) -> 7.5
A42: 3 | B42: 1 | C42: cotton | D42: 1.5 | E42: 10 | F42: SX70151 3/1 | G42: 18.75 | H42: =G42*((100-Discounts!$B$6)/100) -> 7.5
A43: 3 | B43: 2 | C43: cotton | D43: 1.2 | E43: 10 | F43: SX70152 3/2 | G43: 20.25 | H43: =G43*((100-Discounts!$B$6)/100) -> 8.1
A44: 3 | B44: 2 | C44: cotton | D44: 1.4 | E44: 10 | F44: SX70152 3/2 | G44: 20.25 | H44: =G44*((100-Discounts!$B$6)/100) -> 8.1
A45: 4 | B45: 1 | C45: cotton | D45: 1.2 | E45: 10 | F45: SX70151 4/1 | G45: 24.25 | H45: =G45*((100-Discounts!$B$6)/100) -> 9.7
A46: 4 | B46: 1 | C46: cotton | D46: 1.4 | E46: 10 | F46: SX70151 4/1 | G46: 24.25 | H46: =G46*((100-Discounts!$B$6)/100) -> 9.7
A47: 4 | B47: 2 | C47: cotton | D47: 1.2 | E47: 10 | F47: SX70152 4/2 | G47: 25.75 | H47: =G47*((100-Discounts!$B$6)/100) -> 10.3
A48: 4 | B48: 2 | C48: cotton | D48: 1.4 | E48: 10 | F48: SX70152 4/2 | G48: 25.75 | H48: =G48*((100-Discounts!$B$6)/100) -> 10.3
... A64: 10 | B64: 2 | C64: cotton | D64: 1.4 | E64: 5 | F64: SX70152 10/2 | G64: 58 | H64: =G64*((100-Discounts!$B$6)/100) -> 23.2
A65: Black Miami flat sheets | H65: Datasheet
A66: Thickness (mm) | B66: Insertion(s) | C66: Insertion type | D66: Width (mtr) | E66: Length (mtr) | F66: Article nr. | G66: Gross sales price per SQM in EUR | H66: Nett price per piece in EUR
A67: 10 | B67: - | C67: - | D67: 1 | E67: 1 | F67: SX70150 10/0-1x1 | G67: 56.5 | H67: =G67*((100-Discounts!$B$6)/100) -> 22.6
A68: 15 | B68: - | C68: - | D68: 1 | E68: 1 | F68: SX70150 15/0-1x1 | G68: 83.75 | H68: =G68*((100-Discounts!$B$6)/100) -> 33.5
A69: 20 | B69: - | C69: - | D69: 1 | E69: 1 | F69: SX70150 20/0-1x1 | G69: 111.5 | H69: =G69*((100-Discounts!$B$6)/100) -> 44.6
A70: 20 | B70: - | C70: - | D70: 1.5 | E70: 1 | F70: SX70150 20/0-1,5x1 | G70: 167.25 | H70: =G70*((100-Discounts!$B$6)/100) -> 66.9
A71: 25 | B71: - | C71: - | D71: 1 | E71: 1 | F71: SX70150 25/0-1x1 | G71: 137.5 | H71: =G71*((100-Discounts!$B$6)/100) -> 55
A72: 25 | B72: - | C72: - | D72: 1.5 | E72: 1 | F72: SX70150 25/0-1,5x1 | G72: 206.25 | H72: =G72*((100-Discounts!$B$6)/100) -> 82.5
A73: 30 | B73: - | C73: - | D73: 1 | E73: 1 | F73: SX70150 30/0-1x1 | G73: 171.75 | H73: =G73*((100-Discounts!$B$6)/100) -> 68.7
A74: 30 | B74: - | C74: - | D74: 1.5 | E74: 1 | F74: SX70150 30/0-1,5x1 | G74: 257.75 | H74: =G74*((100-Discounts!$B$6)/100) -> 103.1
A75: 40 | B75: - | C75: - | D75: 1 | E75: 1 | F75: SX70150 40/0-1x1 | G75: 241.25 | H75: =G75*((100-Discounts!$B$6)/100) -> 96.5
A76: 40 | B76: - | C76: - | D76: 1.5 | E76: 1 | F76: SX70150 40/0-1,5x1 | G76: 362 | H76: =G76*((100-Discounts!$B$6)/100) -> 144.8
A77: 50 | B77: - | C77: - | D77: 1 | E77: 1 | F77: SX70150 50/0-1x1 | G77: 317 | H77: =G77*((100-Discounts!$B$6)/100) -> 126.8
A78: Zenstar | H78: Datasheet
A79: Thickness (mm) | B79: Insertion(s) | C79: Insertion type | D79: Width (mtr) | E79: Length (mtr) | F79: Article nr. | G79: Gross sales price per SQM in EUR | H79: Nett price per SQM in EUR
A80: 1 | B80: - | C80: - | D80: 1.4 | E80: 20 | F80: SB65130 1/0 | G80: 9 | H80: =G80*((100-Discounts!$B$7)/100) -> 3.15
A81: 1.5 | B81: - | C81: - | D81: 1.4 | E81: 15 | F81: SB65130 1,5/0 | G81: 13 | H81: =G81*((100-Discounts!$B$7)/100) -> 4.55
A82: 2 | B82: - | C82: - | D82: 1.4 | E82: 10 | F82: SB65130 2/0 | G82: 17 | H82: =G82*((100-Discounts!$B$7)/100) -> 5.95
A83: 3 | B83: - | C83: - | D83: 1.4 | E83: 10 | F83: SB65130 3/0 | G83: 24.5 | H83: =G83*((100-Discounts!$B$7)/100) -> 8.575
A84: 4 | B84: - | C84: - | D84: 1.4 | E84: 10 | F84: SB65130 4/0 | G84: 32.5 | H84: =G84*((100-Discounts!$B$7)/100) -> 11.375
A85: 5 | B85: - | C85: - | D85: 1.4 | E85: 10 | F85: SB65130 5/0 | G85: 40.75 | H85: =G85*((100-Discounts!$B$7)/100) -> 14.2625
A86: 6 | B86: - | C86: - | D86: 1.4 | E86: 10 | F86: SB65130 6/0 | G86: 48 | H86: =G86*((100-Discounts!$B$7)/100) -> 16.8
A87: 6 | B87: - | C87: - | D87: 1.5 | E87: 10 | F87: SB65130 6/0 | G87: 48 | H87: =G87*((100-Discounts!$B$7)/100) -> 16.8
A88: 8 | B88: - | C88: - | D88: 1.4 | E88: 10 | F88: SB65130 8/0 | G88: 63.75 | H88: =G88*((100-Discounts!$B$7)/100) -> 22.3125
A89: 8 | B89: - | C89: - | D89: 1.4 | E89: 20 | F89: SB65130 8/0 | G89: 63.75 | H89: =G89*((100-Discounts!$B$7)/100) -> 22.3125
A90: 10 | B90: - | C90: - | D90: 1.4 | E90: 10 | F90: SB65130 10/0 | G90: 79.25 | H90: =G90*((100-Discounts!$B$7)/100) -> 27.7375
A91: 10 | B91: - | C91: - | D91: 1.4 | E91: 20 | F91: SB65130 10/0 | G91: 79.25 | H91: =G91*((100-Discounts!$B$7)/100) -> 27.7375
... A93: 15 | B93: - | C93: - | D93: 1.4 | E93: 10 | F93: SB65130 15/0 | G93: 118 | H93: =G93*((100-Discounts!$B$7)/100) -> 41.3
A94: Zenstar | H94: Datasheet
A95: Thickness (mm) | B95: Insertion(s) | C95: Insertion type | D95: Width (mtr) | E95: Length (mtr) | F95: Article nr. | G95: Gross sales price per SQM in EUR | H95: Nett price per SQM in EUR
A96: 4 | B96: 1 | C96: EP | D96: 1.5 | E96: 15 | F96: SB65131 4/1EP | G96: 41.5 | H96: =G96*((100-Discounts!$B$7)/100) -> 14.525
A97: 6 | B97: 2 | C97: EP | D97: 1.5 | E97: 10 | F97: SB65132 6/2EP | G97: 66 | H97: =G97*((100-Discounts!$B$7)/100) -> 23.1
A98: Black Miami 50 | H98: Datasheet
A99: Thickness (mm) | B99: Insertion(s) | C99: Insertion type | D99: Width (mtr) | E99: Length (mtr) | F99: Article nr. | G99: Gross sales price per SQM in EUR | H99: Nett price per SQM in EUR
A100: 2 | B100: - | C100: - | D100: 1.4 | E100: 10 | F100: SX50150 2/0 | G100: 16 | H100: =G100*((100-Discounts!$B$8)/100) -> 6.72
A101: 3 | B101: - | C101: - | D101: 1.4 | E101: 10 | F101: SX50150 3/0 | G101: 23.25 | H101: =G101*((100-Discounts!$B$8)/100) -> 9.765
A102: 4 | B102: - | C102: - | D102: 1.4 | E102: 10 | F102: SX50150 4/0 | G102: 31 | H102: =G102*((100-Discounts!$B$8)/100) -> 13.02
A103: 5 | B103: - | C103: - | D103: 1.4 | E103: 10 | F103: SX50150 5/0 | G103: 38.5 | H103: =G103*((100-Discounts!$B$8)/100) -> 16.17
A104: 6 | B104: - | C104: - | D104: 1.4 | E104: 10 | F104: SX50150 6/0 | G104: 46.25 | H104: =G104*((100-Discounts!$B$8)/100) -> 19.425
A105: 8 | B105: - | C105: - | D105: 1.4 | E105: 5 | F105: SX50150 8/0 | G105: 61 | H105: =G105*((100-Discounts!$B$8)/100) -> 25.62
A106: 10 | B106: - | C106: - | D106: 1.4 | E106: 5 | F106: SX50150 10/0 | G106: 75.25 | H106: =G106*((100-Discounts!$B$8)/100) -> 31.605
A107: 15 | B107: - | C107: - | D107: 1.4 | E107: 5 | F107: SX50150 15/0 | G107: 112 | H107: =G107*((100-Discounts!$B$8)/100) -> 47.04
A108: 20 | B108: - | C108: - | D108: 1.4 | E108: 5 | F108: SX50150 20/0 | G108: 149.75 | H108: =G108*((100-Discounts!$B$8)/100) -> 62.895

Sheet NBR
A1: NBR Rubber sheets
A2: Satyr Eco | H2: Datasheet
A3: Thickness (mm) | B3: Insertion(s) | C3: Insertion type | D3: Width (mtr) | E3: Length (mtr) | F3: Article nr. | G3: Gross sales price per SQM in EUR | H3: Nett price per SQM in EUR
A4: 1 | B4: - | C4: - | D4: 1.4 | E4: 20 | F4: NB7010 1/0 | G4: 9.75 | H4: =G4*((100-Discounts!$B$10)/100) -> 3.9
A5: 1.5 | B5: - | C5: - | D5: 1.4 | E5: 15 | F5: NB7010 1,5/0 | G5: 13.25 | H5: =G5*((100-Discounts!$B$10)/100) -> 5.3
A6: 2 | B6: - | C6: - | D6: 1.2 | E6: 10 | F6: NB7010 2/0 | G6: 16.25 | H6: =G6*((100-Discounts!$B$10)/100) -> 6.5
A7: 2 | B7: - | C7: - | D7: 1.4 | E7: 10 | F7: NB7010 2/0 | G7: 16.25 | H7: =G7*((100-Discounts!$B$10)/100) -> 6.5
A8: 3 | B8: - | C8: - | D8: 1.2 | E8: 10 | F8: NB7010 3/0 | G8: 23 | H8: =G8*((100-Discounts!$B$10)/100) -> 9.2
A9: 3 | B9: - | C9: - | D9: 1.4 | E9: 10 | F9: NB7010 3/0 | G9: 23 | H9: =G9*((100-Discounts!$B$10)/100) -> 9.2
A10: 4 | B10: - | C10: - | D10: 1.2 | E10: 10 | F10: NB7010 4/0 | G10: 30.5 | H10: =G10*((100-Discounts!$B$10)/100) -> 12.2
A11: 4 | B11: - | C11: - | D11: 1.4 | E11: 10 | F11: NB7010 4/0 | G11: 30.5 | H11: =G11*((100-Discounts!$B$10)/100) -> 12.2
A12: 5 | B12: - | C12: - | D12: 1.2 | E12: 10 | F12: NB7010 5/0 | G12: 38 | H12: =G12*((100-Discounts!$B$10)/100) -> 15.2
A13: 5 | B13: - | C13: - | D13: 1.4 | E13: 10 | F13: NB7010 5/0 | G13: 38 | H13: =G13*((100-Discounts!$B$10)/100) -> 15.2
A14: 6 | B14: - | C14: - | D14: 1.2 | E14: 10 | F14: NB7010 6/0 | G14: 44.5 | H14: =G14*((100-Discounts!$B$10)/100) -> 17.8
A15: 6 | B15: - | C15: - | D15: 1.4 | E15: 10 | F15: NB7010 6/0 | G15: 44.5 | H15: =G15*((100-Discounts!$B$10)/100) -> 17.8
... A29: 25 | B29: - | C29: - | D29: 1.4 | E29: 5 | F29: NB7010 25/0 | G29: 171.75 | H29: =G29*((100-Discounts!$B$10)/100) -> 68.7
A30: Satyr Eco with insertion(s) | H30: Datasheet
A31: Thickness (mm) | B31: Insertion(s) | C31: Insertion type | D31: Width (mtr) | E31: Length (mtr) | F31: Article nr. | G31: Gross sales price per SQM in EUR | H31: Nett price per SQM in EUR
A32: 1.5 | B32: 1 | C32: nylon | D32: 1.4 | E32: 10 | F32: NB7011 1,5/1 | G32: 19.25 | H32: =G32*((100-Discounts!$B$10)/100) -> 7.7
A33: 1.5 | B33: 1 | C33: nylon | D33: 1.4 | E33: 15 | F33: NB7011 1,5/1 | G33: 19.25 | H33: =G33*((100-Discounts!$B$10)/100) -> 7.7
A34: 2 | B34: 1 | C34: nylon | D34: 1.2 | E34: 10 | F34: NB7011 2/1 | G34: 22.25 | H34: =G34*((100-Discounts!$B$10)/100) -> 8.9
A35: 2 | B35: 1 | C35: nylon | D35: 1.4 | E35: 10 | F35: NB7011 2/1 | G35: 22.25 | H35: =G35*((100-Discounts!$B$10)/100) -> 8.9
A36: 3 | B36: 1 | C36: nylon | D36: 1.2 | E36: 10 | F36: NB7011 3/1 | G36: 29 | H36: =G36*((100-Discounts!$B$10)/100) -> 11.6
A37: 3 | B37: 1 | C37: nylon | D37: 1.4 | E37: 10 | F37: NB7011 3/1 | G37: 29 | H37: =G37*((100-Discounts!$B$10)/100) -> 11.6
A38: 3 | B38: 2 | C38: nylon | D38: 1.2 | E38: 10 | F38: NB7012 3/2 | G38: 35 | H38: =G38*((100-Discounts!$B$10)/100) -> 14
A39: 3 | B39: 2 | C39: nylon | D39: 1.4 | E39: 10 | F39: NB7012 3/2 | G39: 35 | H39: =G39*((100-Discounts!$B$10)/100) -> 14
A40: 4 | B40: 1 | C40: nylon | D40: 1.2 | E40: 10 | F40: NB7011 4/1 | G40: 36.5 | H40: =G40*((100-Discounts!$B$10)/100) -> 14.6
A41: 4 | B41: 1 | C41: nylon | D41: 1.4 | E41: 10 | F41: NB7011 4/1 | G41: 36.5 | H41: =G41*((100-Discounts!$B$10)/100) -> 14.6
A42: 4 | B42: 2 | C42: nylon | D42: 1.2 | E42: 10 | F42: NB7012 4/2 | G42: 42.5 | H42: =G42*((100-Discounts!$B$10)/100) -> 17
A43: 4 | B43: 2 | C43: nylon | D43: 1.4 | E43: 10 | F43: NB7012 4/2 | G43: 42.5 | H43: =G43*((100-Discounts!$B$10)/100) -> 17
... A51: 10 | B51: 2 | C51: nylon | D51: 1.4 | E51: 10 | F51: NB7012 10/2 | G51: 83.25 | H51: =G51*((100-Discounts!$B$10)/100) -> 33.3
A52: Satyr Eco flat sheets | H52: Datasheet
A53: Thickness (mm) | B53: Insertion(s) | C53: Insertion type | D53: Width (mtr) | E53: Length (mtr) | F53: Article nr. | G53: Gross sales price per SQM in EUR | H53: Nett price per SQM in EUR
A54: 10 | B54: - | C54: - | D54: 1 | E54: 1 | F54: NB7010 10/0-1x1 | G54: 75 | H54: =G54*((100-Discounts!$B$10)/100) -> 30
A55: 15 | B55: - | C55: - | D55: 1 | E55: 1 | F55: NB7010 15/0-1x1 | G55: 110.25 | H55: =G55*((100-Discounts!$B$10)/100) -> 44.1
A56: 20 | B56: - | C56: - | D56: 1 | E56: 1 | F56: NB7010 20/0-1x1 | G56: 144 | H56: =G56*((100-Discounts!$B$10)/100) -> 57.6
A57: 20 | B57: - | C57: - | D57: 1.4 | E57: 2 | F57: NB7010 20/0 | G57: 137.25 | H57: =G57*((100-Discounts!$B$10)/100) -> 54.9
A58: 20 | B58: - | C58: - | D58: 1.5 | E58: 1 | F58: NB7010 10/0-1,5x1 | G58: 205.875 | H58: =G58*((100-Discounts!$B$10)/100) -> 82.35
A59: 25 | B59: - | C59: - | D59: 1 | E59: 1 | F59: NB7010 25/0-1x1 | G59: 182 | H59: =G59*((100-Discounts!$B$10)/100) -> 72.8
A60: 25 | B60: - | C60: - | D60: 1.5 | E60: 1 | F60: NB7010 25/0-1,5x1 | G60: 273 | H60: =G60*((100-Discounts!$B$10)/100) -> 109.2
A61: 30 | B61: - | C61: - | D61: 1.4 | E61: 2 | F61: NB7010 30/0 | G61: 212.25 | H61: =G61*((100-Discounts!$B$10)/100) -> 84.9
A62: 30 | B62: - | C62: - | D62: 1.5 | E62: 1 | F62: NB7010 30/0-1,5x1 | G62: 318.5 | H62: =G62*((100-Discounts!$B$10)/100) -> 127.4
A63: 40 | B63: - | C63: - | D63: 1.4 | E63: 2 | F63: NB7010 40/0 | G63: 282.75 | H63: =G63*((100-Discounts!$B$10)/100) -> 113.1
A64: 50 | B64: - | C64: - | D64: 1.4 | E64: 2 | F64: NB7010 50/0 | G64: 354 | H64: =G64*((100-Discounts!$B$10)/100) -> 141.6
A65: Satyr Medium | H65: Datasheet
A66: Thickness (mm) | B66: Insertion(s) | C66: Insertion type | D66: Width (mtr) | E66: Length (mtr) | F66: Article nr. | G66: Gross sales price per SQM in EUR | H66: Nett price per SQM in EUR
A67: 1 | B67: 0 | C67: - | D67: 1.2 | E67: 20 | F67: NB70140 1/0 | G67: 13.5 | H67: =G67*((100-Discounts!$B$11)/100) -> 5.4
A68: 1 | B68: 0 | C68: - | D68: 1.4 | E68: 20 | F68: NB70140 1/0 | G68: 13.5 | H68: =G68*((100-Discounts!$B$11)/100) -> 5.4
A69: 1.5 | B69: 0 | C69: - | D69: 1.4 | E69: 15 | F69: NB70140 1,5/0 | G69: 18.75 | H69: =G69*((100-Discounts!$B$11)/100) -> 7.5
A70: 2 | B70: 0 | C70: - | D70: 1.2 | E70: 10 | F70: NB70140 2/0 | G70: 23.25 | H70: =G70*((100-Discounts!$B$11)/100) -> 9.3
A71: 2 | B71: 0 | C71: - | D71: 1.4 | E71: 10 | F71: NB70140 2/0 | G71: 23.25 | H71: =G71*((100-Discounts!$B$11)/100) -> 9.3
A72: 2 | B72: 1 | C72: nylon | D72: 1.4 | E72: 10 | F72: NB70141 2/1 | G72: 29.25 | H72: =G72*((100-Discounts!$B$11)/100) -> 11.7
A73: 3 | B73: 0 | C73: - | D73: 1.2 | E73: 10 | F73: NB70140 3/0 | G73: 32.75 | H73: =G73*((100-Discounts!$B$11)/100) -> 13.1
A74: 3 | B74: 0 | C74: - | D74: 1.4 | E74: 10 | F74: NB70140 3/0 | G74: 32.75 | H74: =G74*((100-Discounts!$B$11)/100) -> 13.1
A75: 3 | B75: 1 | C75: nylon | D75: 1.4 | E75: 10 | F75: NB70141 3/1 | G75: 38.75 | H75: =G75*((100-Discounts!$B$11)/100) -> 15.5
A76: 3 | B76: 2 | C76: nylon | D76: 1.4 | E76: 10 | F76: NB70142 3/2 | G76: 44.75 | H76: =G76*((100-Discounts!$B$11)/100) -> 17.9
A77: 4 | B77: 0 | C77: - | D77: 1.2 | E77: 10 | F77: NB70140 4/0 | G77: 43.75 | H77: =G77*((100-Discounts!$B$11)/100) -> 17.5
A78: 4 | B78: 0 | C78: - | D78: 1.4 | E78: 10 | F78: NB70140 4/0 | G78: 43.75 | H78: =G78*((100-Discounts!$B$11)/100) -> 17.5
... A86: 10 | B86: 0 | C86: - | D86: 1.4 | E86: 5 | F86: NB70140 10/0 | G86: 102.5 | H86: =G86*((100-Discounts!$B$11)/100) -> 41
A87: Satyr Premium | H87: Datasheet
A88: Thickness (mm) | B88: Insertion(s) | C88: Insertion type | D88: Width (mtr) | E88: Length (mtr) | F88: Article nr. | G88: Gross sales price per SQM in EUR | H88: Nett price per SQM in EUR
A89: 0.5 | B89: - | C89: - | D89: 1.4 | E89: 20 | F89: NB65130 0,5/0 | G89: 11.75 | H89: =G89*((100-Discounts!$B$12)/100) -> 4.7
A90: 1 | B90: - | C90: - | D90: 1.4 | E90: 20 | F90: NB65130 1/0 | G90: 18.5 | H90: =G90*((100-Discounts!$B$12)/100) -> 7.4
A91: 1.5 | B91: - | C91: - | D91: 1.4 | E91: 15 | F91: NB65130 1,5/0 | G91: 26 | H91: =G91*((100-Discounts!$B$12)/100) -> 10.4
A92: 2 | B92: - | C92: - | D92: 1.4 | E92: 10 | F92: NB65130 2/0 | G92: 33 | H92: =G92*((100-Discounts!$B$12)/100) -> 13.2
A93: 3 | B93: - | C93: - | D93: 1.4 | E93: 10 | F93: NB65130 3/0 | G93: 47 | H93: =G93*((100-Discounts!$B$12)/100) -> 18.8
A94: 4 | B94: - | C94: - | D94: 1.4 | E94: 10 | F94: NB65130 4/0 | G94: 62.75 | H94: =G94*((100-Discounts!$B$12)/100) -> 25.1
A95: 5 | B95: - | C95: - | D95: 1.4 | E95: 10 | F95: NB65130 5/0 | G95: 77.5 | H95: =G95*((100-Discounts!$B$12)/100) -> 31
A96: 6 | B96: - | C96: - | D96: 1.4 | E96: 10 | F96: NB65130 6/0 | G96: 92 | H96: =G96*((100-Discounts!$B$12)/100) -> 36.8
A97: 8 | B97: - | C97: - | D97: 1.4 | E97: 5 | F97: NB65130 8/0 | G97: 122.5 | H97: =G97*((100-Discounts!$B$12)/100) -> 49
A98: 10 | B98: - | C98: - | D98: 1.4 | E98: 5 | F98: NB65130 10/0 | G98: 150.25 | H98: =G98*((100-Discounts!$B$12)/100) -> 60.1
A99: Satyr Premium 80 | H99: Datasheet
A100: Thickness (mm) | B100: Insertion(s) | C100: Insertion type | D100: Width (mtr) | E100: Length (mtr) | F100: Article nr. | G100: Gross sales price per SQM in EUR | H100: Nett price per SQM in EUR
A101: 2 | B101: - | C101: - | D101: 1.4 | E101: 10 | F101: NB80130 2/0 | G101: 43.5 | H101: =G101*((100-Discounts!$B$12)/100) -> 17.4
A102: 3 | B102: - | C102: - | D102: 1.4 | E102: 10 | F102: NB80130 3/0 | G102: 62 | H102: =G102*((100-Discounts!$B$12)/100) -> 24.8
A103: 4 | B103: - | C103: - | D103: 1.4 | E103: 10 | F103: NB80130 4/0 | G103: 82.5 | H103: =G103*((100-Discounts!$B$12)/100) -> 33
A104: Satyr Eco 50 | H104: Datasheet
A105: Thickness (mm) | B105: Insertion(s) | C105: Insertion type | D105: Width (mtr) | E105: Length (mtr) | F105: Article nr. | G105: Gross sales price per SQM in EUR | H105: Nett price per SQM in EUR
A106: 1 | B106: - | C106: - | D106: 1.4 | E106: 10 | F106: NB5010 1/0 | G106: 11 | H106: =G106*((100-Discounts!$B$13)/100) -> 4.62
A107: 2 | B107: - | C107: - | D107: 1.4 | E107: 10 | F107: NB5010 2/0 | G107: 19 | H107: =G107*((100-Discounts!$B$13)/100) -> 7.98
A108: 2.5 | B108: - | C108: - | D108: 1.4 | E108: 10 | F108: NB5010 2,5/0 | G108: 23.75 | H108: =G108*((100-Discounts!$B$13)/100) -> 9.975
A109: 3 | B109: - | C109: - | D109: 1.4 | E109: 10 | F109: NB5010 3/0 | G109: 26.75 | H109: =G109*((100-Discounts!$B$13)/100) -> 11.235
A110: 4 | B110: - | C110: - | D110: 1.4 | E110: 10 | F110: NB5010 4/0 | G110: 35.5 | H110: =G110*((100-Discounts!$B$13)/100) -> 14.91
A111: 5 | B111: - | C111: - | D111: 1.4 | E111: 10 | F111: NB5010 5/0 | G111: 43.5 | H111: =G111*((100-Discounts!$B$13)/100) -> 18.27
A112: 6 | B112: - | C112: - | D112: 1.4 | E112: 10 | F112: NB5010 6/0 | G112: 51.25 | H112: =G112*((100-Discounts!$B$13)/100) -> 21.525
A113: 8 | B113: - | C113: - | D113: 1.4 | E113: 5 | F113: NB5010 8/0 | G113: 67.25 | H113: =G113*((100-Discounts!$B$13)/100) -> 28.245
A114: 10 | B114: - | C114: - | D114: 1.4 | E114: 5 | F114: NB5010 10/0 | G114: 82.5 | H114: =G114*((100-Discounts!$B$13)/100) -> 34.65
A115: 12 | B115: - | C115: - | D115: 1.4 | E115: 5 | F115: NB5010 12/0 | G115: 98.5 | H115: =G115*((100-Discounts!$B$13)/100) -> 41.37
A116: 20 | B116: - | C116: - | D116: 1.4 | E116: 5 | F116: NB5010 20/0 | G116: 157.25 | H116: =G116*((100-Discounts!$B$13)/100) -> 66.045

Sheet EPDM
A1: EPDM Rubber sheets
A2: Manticore Eco | H2: Datasheet
A3: Thickness (mm) | B3: Insertion(s) | C3: Insertion type | D3: Width (mtr) | E3: Length (mtr) | F3: Article nr. | G3: Gross sales price per SQM in EUR | H3: Nett price per SQM in EUR
A4: 1 | B4: - | C4: - | D4: 1.4 | E4: 20 | F4: EP7010 1/0 | G4: 9.75 | H4: =G4*((100-Discounts!$B$15)/100) -> 3.9
A5: 1.5 | B5: - | C5: - | D5: 1.4 | E5: 15 | F5: EP7010 1,5/0 | G5: 13.25 | H5: =G5*((100-Discounts!$B$15)/100) -> 5.3
A6: 2 | B6: - | C6: - | D6: 1.2 | E6: 10 | F6: EP7010 2/0 | G6: 16.25 | H6: =G6*((100-Discounts!$B$15)/100) -> 6.5
A7: 2 | B7: - | C7: - | D7: 1.4 | E7: 10 | F7: EP7010 2/0 | G7: 16.25 | H7: =G7*((100-Discounts!$B$15)/100) -> 6.5
A8: 3 | B8: - | C8: - | D8: 1.2 | E8: 10 | F8: EP7010 3/0 | G8: 23 | H8: =G8*((100-Discounts!$B$15)/100) -> 9.2
A9: 3 | B9: - | C9: - | D9: 1.4 | E9: 10 | F9: EP7010 3/0 | G9: 23 | H9: =G9*((100-Discounts!$B$15)/100) -> 9.2
A10: 4 | B10: - | C10: - | D10: 1.2 | E10: 10 | F10: EP7010 4/0 | G10: 30.5 | H10: =G10*((100-Discounts!$B$15)/100) -> 12.2
A11: 4 | B11: - | C11: - | D11: 1.4 | E11: 10 | F11: EP7010 4/0 | G11: 30.5 | H11: =G11*((100-Discounts!$B$15)/100) -> 12.2
A12: 5 | B12: - | C12: - | D12: 1.2 | E12: 10 | F12: EP7010 5/0 | G12: 38 | H12: =G12*((100-Discounts!$B$15)/100) -> 15.2
A13: 5 | B13: - | C13: - | D13: 1.4 | E13: 10 | F13: EP7010 5/0 | G13: 38 | H13: =G13*((100-Discounts!$B$15)/100) -> 15.2
A14: 6 | B14: - | C14: - | D14: 1.2 | E14: 10 | F14: EP7010 6/0 | G14: 44.5 | H14: =G14*((100-Discounts!$B$15)/100) -> 17.8
A15: 6 | B15: - | C15: - | D15: 1.4 | E15: 10 | F15: EP7010 6/0 | G15: 44.5 | H15: =G15*((100-Discounts!$B$15)/100) -> 17.8
... A29: 25 | B29: - | C29: - | D29: 1.4 | E29: 5 | F29: EP7010 25/0 | G29: 171.75 | H29: =G29*((100-Discounts!$B$15)/100) -> 68.7
A30: Manticore Eco with insertion(s) | H30: Datasheet
A31: Thickness (mm) | B31: Insertion(s) | C31: Insertion type | D31: Width (mtr) | E31: Length (mtr) | F31: Article nr. | G31: Gross sales price per SQM in EUR | H31: Nett price per SQM in EUR
A32: 1.5 | B32: 1 | C32: nylon | D32: 1.4 | E32: 10 | F32: EP7011 1,5/1 | G32: 19.25 | H32: =G32*((100-Discounts!$B$15)/100) -> 7.7
A33: 1.5 | B33: 1 | C33: nylon | D33: 1.4 | E33: 15 | F33: EP7011 1,5/1 | G33: 19.25 | H33: =G33*((100-Discounts!$B$15)/100) -> 7.7
A34: 2 | B34: 1 | C34: nylon | D34: 1.2 | E34: 10 | F34: EP7011 2/1 | G34: 22.25 | H34: =G34*((100-Discounts!$B$15)/100) -> 8.9
A35: 2 | B35: 1 | C35: nylon | D35: 1.4 | E35: 10 | F35: EP7011 2/1 | G35: 22.25 | H35: =G35*((100-Discounts!$B$15)/100) -> 8.9
A36: 3 | B36: 1 | C36: nylon | D36: 1.2 | E36: 10 | F36: EP7011 3/1 | G36: 29 | H36: =G36*((100-Discounts!$B$15)/100) -> 11.6
A37: 3 | B37: 1 | C37: nylon | D37: 1.4 | E37: 10 | F37: EP7011 3/1 | G37: 29 | H37: =G37*((100-Discounts!$B$15)/100) -> 11.6
A38: 3 | B38: 2 | C38: nylon | D38: 1.2 | E38: 10 | F38: EP7012 3/2 | G38: 35 | H38: =G38*((100-Discounts!$B$15)/100) -> 14
A39: 3 | B39: 2 | C39: nylon | D39: 1.4 | E39: 10 | F39: EP7012 3/2 | G39: 35 | H39: =G39*((100-Discounts!$B$15)/100) -> 14
A40: 4 | B40: 1 | C40: nylon | D40: 1.2 | E40: 10 | F40: EP7011 4/1 | G40: 36.5 | H40: =G40*((100-Discounts!$B$15)/100) -> 14.6
A41: 4 | B41: 1 | C41: nylon | D41: 1.4 | E41: 10 | F41: EP7011 4/1 | G41: 36.5 | H41: =G41*((100-Discounts!$B$15)/100) -> 14.6
A42: 4 | B42: 2 | C42: nylon | D42: 1.2 | E42: 10 | F42: EP7012 4/2 | G42: 42.5 | H42: =G42*((100-Discounts!$B$15)/100) -> 17
A43: 4 | B43: 2 | C43: nylon | D43: 1.4 | E43: 10 | F43: EP7012 4/2 | G43: 42.5 | H43: =G43*((100-Discounts!$B$15)/100) -> 17
... A51: 10 | B51: 2 | C51: nylon | D51: 1.4 | E51: 10 | F51: EP7012 10/2 | G51: 83.25 | H51: =G51*((100-Discounts!$B$15)/100) -> 33.3
A52: Manticore Eco flat sheets | H52: Datasheet
A53: Thickness (mm) | B53: Insertion(s) | C53: Insertion type | D53: Width (mtr) | E53: Length (mtr) | F53: Article nr. | G53: Gross sales price per SQM in EUR | H53: Nett price per SQM in EUR
A54: 10 | B54: - | C54: - | D54: 1 | E54: 1 | F54: EP7010 10/0-1x1 | G54: 75 | H54: =G54*((100-Discounts!$B$15)/100) -> 30
A55: 15 | B55: - | C55: - | D55: 1 | E55: 1 | F55: EP7010 15/0-1x1 | G55: 110.25 | H55: =G55*((100-Discounts!$B$15)/100) -> 44.1
A56: 20 | B56: - | C56: - | D56: 1 | E56: 1 | F56: EP7010 20/0-1x1 | G56: 144 | H56: =G56*((100-Discounts!$B$15)/100) -> 57.6
A57: 20 | B57: - | C57: - | D57: 1.4 | E57: 2 | F57: EP7010 20/0 | G57: 137.25 | H57: =G57*((100-Discounts!$B$15)/100) -> 54.9
A58: 20 | B58: - | C58: - | D58: 1.5 | E58: 1 | F58: EP7010 10/0-1,5x1 | G58: 216.25 | H58: =G58*((100-Discounts!$B$15)/100) -> 86.5
A59: 25 | B59: - | C59: - | D59: 1 | E59: 1 | F59: EP7010 25/0-1x1 | G59: 182 | H59: =G59*((100-Discounts!$B$15)/100) -> 72.8
A60: 25 | B60: - | C60: - | D60: 1.5 | E60: 1 | F60: EP7010 25/0-1,5x1 | G60: 273 | H60: =G60*((100-Discounts!$B$15)/100) -> 109.2
A61: 30 | B61: - | C61: - | D61: 1.4 | E61: 2 | F61: EP7010 30/0 | G61: 212.25 | H61: =G61*((100-Discounts!$B$15)/100) -> 84.9
A62: 30 | B62: - | C62: - | D62: 1.5 | E62: 1 | F62: EP7010 30/0-1,5x1 | G62: 334.5 | H62: =G62*((100-Discounts!$B$15)/100) -> 133.8
A63: 40 | B63: - | C63: - | D63: 1.4 | E63: 2 | F63: EP7010 40/0 | G63: 282.75 | H63: =G63*((100-Discounts!$B$15)/100) -> 113.1
A64: 50 | B64: - | C64: - | D64: 1.4 | E64: 2 | F64: EP7010 50/0 | G64: 354 | H64: =G64*((100-Discounts!$B$15)/100) -> 141.6
A65: Manticore Medium | H65: Datasheet
A66: Thickness (mm) | B66: Insertion(s) | C66: Insertion type | D66: Width (mtr) | E66: Length (mtr) | F66: Article nr. | G66: Gross sales price per SQM in EUR | H66: Nett price per SQM in EUR
A67: 1 | B67: - | C67: - | D67: 1.4 | E67: 20 | F67: EP65135 1/0 | G67: 13.25 | H67: =G67*((100-Discounts!$B$16)/100) -> 5.3
A68: 1.5 | B68: - | C68: - | D68: 1.4 | E68: 15 | F68: EP65135 1,5/0 | G68: 18.5 | H68: =G68*((100-Discounts!$B$16)/100) -> 7.4
A69: 2 | B69: - | C69: - | D69: 1.4 | E69: 10 | F69: EP65135 2/0 | G69: 23.5 | H69: =G69*((100-Discounts!$B$16)/100) -> 9.4
A70: 3 | B70: - | C70: - | D70: 1.4 | E70: 10 | F70: EP65135 3/0 | G70: 33.25 | H70: =G70*((100-Discounts!$B$16)/100) -> 13.3
A71: 4 | B71: - | C71: - | D71: 1.4 | E71: 10 | F71: EP65135 4/0 | G71: 44.25 | H71: =G71*((100-Discounts!$B$16)/100) -> 17.7
A72: 5 | B72: - | C72: - | D72: 1.4 | E72: 10 | F72: EP65135 5/0 | G72: 54.5 | H72: =G72*((100-Discounts!$B$16)/100) -> 21.8
A73: 6 | B73: - | C73: - | D73: 1.4 | E73: 10 | F73: EP65135 6/0 | G73: 64.5 | H73: =G73*((100-Discounts!$B$16)/100) -> 25.8
A74: 8 | B74: - | C74: - | D74: 1.4 | E74: 5 | F74: EP65135 8/0 | G74: 85 | H74: =G74*((100-Discounts!$B$16)/100) -> 34
A75: 8 | B75: - | C75: - | D75: 1.4 | E75: 10 | F75: EP65135 8/0 | G75: 85 | H75: =G75*((100-Discounts!$B$16)/100) -> 34
A76: 10 | B76: - | C76: - | D76: 1.4 | E76: 5 | F76: EP65135 10/0 | G76: 105 | H76: =G76*((100-Discounts!$B$16)/100) -> 42
A77: 10 | B77: - | C77: - | D77: 1.4 | E77: 10 | F77: EP65135 10/0 | G77: 105 | H77: =G77*((100-Discounts!$B$16)/100) -> 42
A78: Manticore Premium | H78: Datasheet
A79: Thickness (mm) | B79: Insertion(s) | C79: Insertion type | D79: Width (mtr) | E79: Length (mtr) | F79: Article nr. | G79: Gross sales price per SQM in EUR | H79: Nett price per SQM in EUR
A80: 0.5 | B80: - | C80: - | D80: 1.4 | E80: 20 | F80: EP65120 0,5/0 | G80: 11.25 | H80: =G80*((100-Discounts!$B$17)/100) -> 3.9375
A81: 1 | B81: - | C81: - | D81: 1.4 | E81: 20 | F81: EP65120 1/0 | G81: 16.5 | H81: =G81*((100-Discounts!$B$17)/100) -> 5.775
A82: 2 | B82: - | C82: - | D82: 1.4 | E82: 10 | F82: EP65120 2/0 | G82: 30 | H82: =G82*((100-Discounts!$B$17)/100) -> 10.5
A83: 3 | B83: - | C83: - | D83: 1.4 | E83: 10 | F83: EP65120 3/0 | G83: 43.25 | H83: =G83*((100-Discounts!$B$17)/100) -> 15.1375
A84: 4 | B84: - | C84: - | D84: 1.4 | E84: 10 | F84: EP65120 4/0 | G84: 57.75 | H84: =G84*((100-Discounts!$B$17)/100) -> 20.2125
A85: 5 | B85: - | C85: - | D85: 1.4 | E85: 10 | F85: EP65120 5/0 | G85: 70.75 | H85: =G85*((100-Discounts!$B$17)/100) -> 24.7625
A86: 6 | B86: - | C86: - | D86: 1.4 | E86: 10 | F86: EP65120 6/0 | G86: 83.25 | H86: =G86*((100-Discounts!$B$17)/100) -> 29.1375
A87: 8 | B87: - | C87: - | D87: 1.4 | E87: 5 | F87: EP65120 8/0 | G87: 111 | H87: =G87*((100-Discounts!$B$17)/100) -> 38.85
A88: 8 | B88: - | C88: - | D88: 1.4 | E88: 10 | F88: EP65120 10/0 | G88: 136 | H88: =G88*((100-Discounts!$B$17)/100) -> 47.6
A89: 10 | B89: - | C89: - | D89: 1.4 | E89: 5 | F89: EP65120 10/0 | G89: 136 | H89: =G89*((100-Discounts!$B$17)/100) -> 47.6
A90: 10 | B90: - | C90: - | D90: 1.4 | E90: 10 | F90: EP65120 10/0 | G90: 136 | H90: =G90*((100-Discounts!$B$17)/100) -> 47.6
A91: Manticore Eco 50 | H91: Datasheet
A92: Thickness (mm) | B92: Insertion(s) | C92: Insertion type | D92: Width (mtr) | E92: Length (mtr) | F92: Article nr. | G92: Gross sales price per SQM in EUR | H92: Nett price per SQM in EUR
A93: 1 | B93: - | C93: - | D93: 1.4 | E93: 10 | F93: EP5010 1/0 | G93: 11 | H93: =G93*((100-Discounts!$B$18)/100) -> 4.62
A94: 2 | B94: - | C94: - | D94: 1.4 | E94: 10 | F94: EP5010 2/0 | G94: 19 | H94: =G94*((100-Discounts!$B$18)/100) -> 7.98
A95: 2.5 | B95: - | C95: - | D95: 1.4 | E95: 10 | F95: EP5010 2,5/0 | G95: 23.75 | H95: =G95*((100-Discounts!$B$18)/100) -> 9.975
A96: 3 | B96: - | C96: - | D96: 1.4 | E96: 10 | F96: EP5010 3/0 | G96: 26.75 | H96: =G96*((100-Discounts!$B$18)/100) -> 11.235
A97: 4 | B97: - | C97: - | D97: 1.4 | E97: 10 | F97: EP5010 4/0 | G97: 35.5 | H97: =G97*((100-Discounts!$B$18)/100) -> 14.91
A98: 5 | B98: - | C98: - | D98: 1.4 | E98: 10 | F98: EP5010 5/0 | G98: 43.5 | H98: =G98*((100-Discounts!$B$18)/100) -> 18.27
A99: 6 | B99: - | C99: - | D99: 1.4 | E99: 10 | F99: EP5010 6/0 | G99: 51.25 | H99: =G99*((100-Discounts!$B$18)/100) -> 21.525
A100: 8 | B100: - | C100: - | D100: 1.4 | E100: 5 | F100: EP5010 8/0 | G100: 67.25 | H100: =G100*((100-Discounts!$B$18)/100) -> 28.245
A101: 10 | B101: - | C101: - | D101: 1.4 | E101: 5 | F101: EP5010 10/0 | G101: 82.5 | H101: =G101*((100-Discounts!$B$18)/100) -> 34.65
A102: 12 | B102: - | C102: - | D102: 1.4 | E102: 5 | F102: EP5010 12/0 | G102: 98.5 | H102: =G102*((100-Discounts!$B$18)/100) -> 41.37
A103: 20 | B103: - | C103: - | D103: 1.4 | E103: 5 | F103: EP5010 20/0 | G103: 157.25 | H103: =G103*((100-Discounts!$B$18)/100) -> 66.045
A104: Manticore Aqua | H104: Datasheet
A105: Thickness (mm) | B105: Insertion(s) | C105: Insertion type | D105: Width (mtr) | E105: Length (mtr) | F105: Article nr. | G105: Gross sales price per SQM in EUR | H105: Nett price per SQM in EUR
A106: 2 | B106: - | C106: - | D106: 1.4 | E106: 10 | F106: EP70110W 2/0 | G106: 42 | H106: =G106*((100-Discounts!$B$19)/100) -> 14.7
A107: 3 | B107: - | C107: - | D107: 1.4 | E107: 10 | F107: EP70110W 3/0 | G107: 60.5 | H107: =G107*((100-Discounts!$B$19)/100) -> 21.175
A108: 4 | B108: - | C108: - | D108: 1.4 | E108: 10 | F108: EP70110W 4/0 | G108: 80.75 | H108: =G108*((100-Discounts!$B$19)/100) -> 28.2625
A109: 5 | B109: - | C109: - | D109: 1.4 | E109: 10 | F109: EP70110W 5/0 | G109: 99.25 | H109: =G109*((100-Discounts!$B$19)/100) -> 34.7375
A110: Manticore Peroxid | H110: Datasheet
A111: Thickness (mm) | B111: Insertion(s) | C111: Insertion type | D111: Width (mtr) | E111: Length (mtr) | F111: Article nr. | G111: Gross sales price per SQM in EUR | H111: Nett price per SQM in EUR
A112: 1 | B112: - | C112: - | D112: 1.4 | E112: 20 | F112: EP70122PC 1/0 | G112: 20.25 | H112: =G112*((100-Discounts!$B$20)/100) -> 7.0875
A113: 2 | B113: - | C113: - | D113: 1.4 | E113: 10 | F113: EP70122PC 2/0 | G113: 36.5 | H113: =G113*((100-Discounts!$B$20)/100) -> 12.775
A114: 3 | B114: - | C114: - | D114: 1.4 | E114: 10 | F114: EP70122PC 3/0 | G114: 52.5 | H114: =G114*((100-Discounts!$B$20)/100) -> 18.375
A115: 4 | B115: - | C115: - | D115: 1.4 | E115: 10 | F115: EP70122PC 4/0 | G115: 70.25 | H115: =G115*((100-Discounts!$B$20)/100) -> 24.5875
A116: 5 | B116: - | C116: - | D116: 1.4 | E116: 10 | F116: EP70122PC 5/0 | G116: 86 | H116: =G116*((100-Discounts!$B$20)/100) -> 30.1

Sheet CR
A1: CR Rubber sheets
A2: Wendigo Eco | H2: Datasheet
A3: Thickness (mm) | B3: Insertion(s) | C3: Insertion type | D3: Width (mtr) | E3: Length (mtr) | F3: Article nr. | G3: Gross sales price per SQM in EUR | H3: Nett price per SQM in EUR
A4: 1 | B4: - | C4: - | D4: 1.4 | E4: 20 | F4: CR7010 1/0 | G4: 10 | H4: =G4*((100-Discounts!$B$22)/100) -> 4
A5: 1.5 | B5: - | C5: - | D5: 1.4 | E5: 15 | F5: CR7010 1,5/0 | G5: 13.75 | H5: =G5*((100-Discounts!$B$22)/100) -> 5.5
A6: 2 | B6: - | C6: - | D6: 1.2 | E6: 10 | F6: CR7010 2/0 | G6: 16.75 | H6: =G6*((100-Discounts!$B$22)/100) -> 6.7
A7: 2 | B7: - | C7: - | D7: 1.4 | E7: 10 | F7: CR7010 2/0 | G7: 16.75 | H7: =G7*((100-Discounts!$B$22)/100) -> 6.7
A8: 3 | B8: - | C8: - | D8: 1.2 | E8: 10 | F8: CR7010 3/0 | G8: 23.5 | H8: =G8*((100-Discounts!$B$22)/100) -> 9.4
A9: 3 | B9: - | C9: - | D9: 1.4 | E9: 10 | F9: CR7010 3/0 | G9: 23.5 | H9: =G9*((100-Discounts!$B$22)/100) -> 9.4
A10: 4 | B10: - | C10: - | D10: 1.2 | E10: 10 | F10: CR7010 4/0 | G10: 31.5 | H10: =G10*((100-Discounts!$B$22)/100) -> 12.6
A11: 4 | B11: - | C11: - | D11: 1.4 | E11: 10 | F11: CR7010 4/0 | G11: 31.5 | H11: =G11*((100-Discounts!$B$22)/100) -> 12.6
A12: 5 | B12: - | C12: - | D12: 1.2 | E12: 10 | F12: CR7010 5/0 | G12: 39.25 | H12: =G12*((100-Discounts!$B$22)/100) -> 15.7
A13: 5 | B13: - | C13: - | D13: 1.4 | E13: 10 | F13: CR7010 5/0 | G13: 39.25 | H13: =G13*((100-Discounts!$B$22)/100) -> 15.7
A14: 6 | B14: - | C14: - | D14: 1.2 | E14: 10 | F14: CR7010 6/0 | G14: 45.75 | H14: =G14*((100-Discounts!$B$22)/100) -> 18.3
A15: 6 | B15: - | C15: - | D15: 1.4 | E15: 10 | F15: CR7010 6/0 | G15: 45.75 | H15: =G15*((100-Discounts!$B$22)/100) -> 18.3
... A29: 25 | B29: - | C29: - | D29: 1.4 | E29: 5 | F29: CR7010 25/0 | G29: 176.75 | H29: =G29*((100-Discounts!$B$22)/100) -> 70.7
A30: Wendigo Eco with insertion(s) | H30: Datasheet
A31: Thickness (mm) | B31: Insertion(s) | C31: Insertion type | D31: Width (mtr) | E31: Length (mtr) | F31: Article nr. | G31: Gross sales price per SQM in EUR | H31: Nett price per SQM in EUR
A32: 1.5 | B32: 1 | C32: nylon | D32: 1.4 | E32: 10 | F32: CR7011 1,5/1 | G32: 19.75 | H32: =G32*((100-Discounts!$B$22)/100) -> 7.9
A33: 1.5 | B33: 1 | C33: nylon | D33: 1.4 | E33: 15 | F33: CR7011 1,5/1 | G33: 19.75 | H33: =G33*((100-Discounts!$B$22)/100) -> 7.9
A34: 2 | B34: 1 | C34: nylon | D34: 1.2 | E34: 10 | F34: CR7011 2/1 | G34: 22.75 | H34: =G34*((100-Discounts!$B$22)/100) -> 9.1
A35: 2 | B35: 1 | C35: nylon | D35: 1.4 | E35: 10 | F35: CR7011 2/1 | G35: 22.75 | H35: =G35*((100-Discounts!$B$22)/100) -> 9.1
A36: 3 | B36: 1 | C36: nylon | D36: 1.2 | E36: 10 | F36: CR7011 3/1 | G36: 29.5 | H36: =G36*((100-Discounts!$B$22)/100) -> 11.8
A37: 3 | B37: 1 | C37: nylon | D37: 1.4 | E37: 10 | F37: CR7011 3/1 | G37: 29.5 | H37: =G37*((100-Discounts!$B$22)/100) -> 11.8
A38: 3 | B38: 2 | C38: nylon | D38: 1.2 | E38: 10 | F38: CR7012 3/2 | G38: 35.5 | H38: =G38*((100-Discounts!$B$22)/100) -> 14.2
A39: 3 | B39: 2 | C39: nylon | D39: 1.4 | E39: 10 | F39: CR7012 3/2 | G39: 35.5 | H39: =G39*((100-Discounts!$B$22)/100) -> 14.2
A40: 4 | B40: 1 | C40: nylon | D40: 1.2 | E40: 10 | F40: CR7011 4/1 | G40: 37.5 | H40: =G40*((100-Discounts!$B$22)/100) -> 15
A41: 4 | B41: 1 | C41: nylon | D41: 1.4 | E41: 10 | F41: CR7011 4/1 | G41: 37.5 | H41: =G41*((100-Discounts!$B$22)/100) -> 15
A42: 4 | B42: 2 | C42: nylon | D42: 1.2 | E42: 10 | F42: CR7012 4/2 | G42: 43.5 | H42: =G42*((100-Discounts!$B$22)/100) -> 17.4
A43: 4 | B43: 2 | C43: nylon | D43: 1.4 | E43: 10 | F43: CR7012 4/2 | G43: 43.5 | H43: =G43*((100-Discounts!$B$22)/100) -> 17.4
... A51: 10 | B51: 2 | C51: nylon | D51: 1.4 | E51: 10 | F51: CR7012 10/2 | G51: 87.75 | H51: =G51*((100-Discounts!$B$22)/100) -> 35.1
A52: Wendigo Eco flat sheets | H52: Datasheet
A53: Thickness (mm) | B53: Insertion(s) | C53: Insertion type | D53: Width (mtr) | E53: Length (mtr) | F53: Article nr. | G53: Gross sales price per SQM in EUR | H53: Nett price per SQM in EUR
A54: 10 | B54: - | C54: - | D54: 1 | E54: 1 | F54: CR7010 10/0-1x1 | G54: 75.75 | H54: =G54*((100-Discounts!$B$22)/100) -> 30.3
A55: 15 | B55: - | C55: - | D55: 1 | E55: 1 | F55: CR7010 15/0-1x1 | G55: 110.25 | H55: =G55*((100-Discounts!$B$22)/100) -> 44.1
A56: 20 | B56: - | C56: - | D56: 1 | E56: 1 | F56: CR7010 20/0-1x1 | G56: 145.75 | H56: =G56*((100-Discounts!$B$22)/100) -> 58.3
A57: 20 | B57: - | C57: - | D57: 1.4 | E57: 2 | F57: CR7010 20/0 | G57: 141.5 | H57: =G57*((100-Discounts!$B$22)/100) -> 56.6
A58: 20 | B58: - | C58: - | D58: 1.5 | E58: 1 | F58: CR7010 10/0-1,5x1 | G58: 218.75 | H58: =G58*((100-Discounts!$B$22)/100) -> 87.5
A59: 25 | B59: - | C59: - | D59: 1 | E59: 1 | F59: CR7010 25/0-1x1 | G59: 182 | H59: =G59*((100-Discounts!$B$22)/100) -> 72.8
A60: 25 | B60: - | C60: - | D60: 1.5 | E60: 1 | F60: CR7010 25/0-1,5x1 | G60: 273 | H60: =G60*((100-Discounts!$B$22)/100) -> 109.2
A61: 30 | B61: - | C61: - | D61: 1.4 | E61: 2 | F61: CR7010 30/0 | G61: 212.25 | H61: =G61*((100-Discounts!$B$22)/100) -> 84.9
A62: 30 | B62: - | C62: - | D62: 1.5 | E62: 1 | F62: CR7010 30/0-1,5x1 | G62: 334.5 | H62: =G62*((100-Discounts!$B$22)/100) -> 133.8
A63: 40 | B63: - | C63: - | D63: 1.4 | E63: 2 | F63: CR7010 40/0 | G63: 291.25 | H63: =G63*((100-Discounts!$B$22)/100) -> 116.5
A64: 50 | B64: - | C64: - | D64: 1.4 | E64: 2 | F64: CR7010 50/0 | G64: 364.5 | H64: =G64*((100-Discounts!$B$22)/100) -> 145.8
A65: Wendigo Medium | H65: Datasheet
A66: Thickness (mm) | B66: Insertion(s) | C66: Insertion type | D66: Width (mtr) | E66: Length (mtr) | F66: Article nr. | G66: Gross sales price per SQM in EUR | H66: Nett price per SQM in EUR
A67: 1 | B67: - | C67: - | D67: 1.4 | E67: 20 | F67: NE70140 1/0 | G67: 14.5 | H67: =G67*((100-Discounts!$B$23)/100) -> 6.09
A68: 1.5 | B68: - | C68: - | D68: 1.4 | E68: 15 | F68: NE70140 1,5/0 | G68: 20.25 | H68: =G68*((100-Discounts!$B$23)/100) -> 8.505
A69: 2 | B69: - | C69: - | D69: 1.4 | E69: 10 | F69: NE70140 2/0 | G69: 25 | H69: =G69*((100-Discounts!$B$23)/100) -> 10.5
A70: 3 | B70: - | C70: - | D70: 1.4 | E70: 10 | F70: NE70140 3/0 | G70: 34.75 | H70: =G70*((100-Discounts!$B$23)/100) -> 14.595
A71: 4 | B71: - | C71: - | D71: 1.4 | E71: 10 | F71: NE70140 4/0 | G71: 46.25 | H71: =G71*((100-Discounts!$B$23)/100) -> 19.425
A72: 5 | B72: - | C72: - | D72: 1.4 | E72: 10 | F72: NE70140 5/0 | G72: 57 | H72: =G72*((100-Discounts!$B$23)/100) -> 23.94
A73: 6 | B73: - | C73: - | D73: 1.4 | E73: 10 | F73: NE70140 6/0 | G73: 67.75 | H73: =G73*((100-Discounts!$B$23)/100) -> 28.455
A74: 8 | B74: - | C74: - | D74: 1.4 | E74: 5 | F74: NE70140 8/0 | G74: 89.25 | H74: =G74*((100-Discounts!$B$23)/100) -> 37.485
A75: 10 | B75: - | C75: - | D75: 1.4 | E75: 5 | F75: NE70140 10/0 | G75: 110.25 | H75: =G75*((100-Discounts!$B$23)/100) -> 46.305
A76: 10 | B76: - | C76: - | D76: 1.4 | E76: 10 | F76: NE70140 10/0 | G76: 110.25 | H76: =G76*((100-Discounts!$B$23)/100) -> 46.305
A77: Wendigo Premium | H77: Datasheet
A78: Thickness (mm) | B78: Insertion(s) | C78: Insertion type | D78: Width (mtr) | E78: Length (mtr) | F78: Article nr. | G78: Gross sales price per SQM in EUR | H78: Nett price per SQM in EUR
A79: 1 | B79: - | C79: - | D79: 1.4 | E79: 20 | F79: NE65140 1/0 | G79: 28.5 | H79: =G79*((100-Discounts!$B$24)/100) -> 11.97
A80: 2 | B80: - | C80: - | D80: 1.4 | E80: 10 | F80: NE65140 2/0 | G80: 51.25 | H80: =G80*((100-Discounts!$B$24)/100) -> 21.525
A81: 3 | B81: - | C81: - | D81: 1.4 | E81: 10 | F81: NE65140 3/0 | G81: 73.25 | H81: =G81*((100-Discounts!$B$24)/100) -> 30.765
A82: 4 | B82: - | C82: - | D82: 1.4 | E82: 10 | F82: NE65140 4/0 | G82: 97.75 | H82: =G82*((100-Discounts!$B$24)/100) -> 41.055
A83: 5 | B83: - | C83: - | D83: 1.4 | E83: 10 | F83: NE65140 5/0 | G83: 120 | H83: =G83*((100-Discounts!$B$24)/100) -> 50.4
A84: 6 | B84: - | C84: - | D84: 1.4 | E84: 10 | F84: NE65140 6/0 | G84: 144 | H84: =G84*((100-Discounts!$B$24)/100) -> 60.48
A85: 8 | B85: - | C85: - | D85: 1.4 | E85: 5 | F85: NE65140 8/0 | G85: 189 | H85: =G85*((100-Discounts!$B$24)/100) -> 79.38
A86: 8 | B86: - | C86: - | D86: 1.4 | E86: 10 | F86: NE65140 8/0 | G86: 189 | H86: =G86*((100-Discounts!$B$24)/100) -> 79.38
A87: 10 | B87: - | C87: - | D87: 1.4 | E87: 5 | F87: NE65140 10/0 | G87: 232.25 | H87: =G87*((100-Discounts!$B$24)/100) -> 97.545
A88: 10 | B88: - | C88: - | D88: 1.4 | E88: 10 | F88: NE65140 10/0 | G88: 232.25 | H88: =G88*((100-Discounts!$B$24)/100) -> 97.545
A89: Wendigo 50 | H89: Datasheet
A90: Thickness (mm) | B90: Insertion(s) | C90: Insertion type | D90: Width (mtr) | E90: Length (mtr) | F90: Article nr. | G90: Gross sales price per SQM in EUR | H90: Nett price per SQM in EUR
A91: 1 | B91: - | C91: - | D91: 1.4 | E91: 10 | F91: CR5010 1/0 | G91: 11.5 | H91: =G91*((100-Discounts!$B$25)/100) -> 4.83
A92: 2 | B92: - | C92: - | D92: 1.4 | E92: 10 | F92: CR5010 2/0 | G92: 19.5 | H92: =G92*((100-Discounts!$B$25)/100) -> 8.19
A93: 2.5 | B93: - | C93: - | D93: 1.4 | E93: 10 | F93: CR5010 2,5/0 | G93: 24.753 | H93: =G93*((100-Discounts!$B$25)/100) -> 10.39626
A94: 3 | B94: - | C94: - | D94: 1.4 | E94: 10 | F94: CR5010 3/0 | G94: 27.5 | H94: =G94*((100-Discounts!$B$25)/100) -> 11.55
A95: 4 | B95: - | C95: - | D95: 1.4 | E95: 10 | F95: CR5010 4/0 | G95: 36.75 | H95: =G95*((100-Discounts!$B$25)/100) -> 15.435
A96: 5 | B96: - | C96: - | D96: 1.4 | E96: 10 | F96: CR5010 5/0 | G96: 44.75 | H96: =G96*((100-Discounts!$B$25)/100) -> 18.795
A97: 6 | B97: - | C97: - | D97: 1.4 | E97: 10 | F97: CR5010 6/0 | G97: 52.75 | H97: =G97*((100-Discounts!$B$25)/100) -> 22.155
A98: 8 | B98: - | C98: - | D98: 1.4 | E98: 5 | F98: CR5010 8/0 | G98: 69.25 | H98: =G98*((100-Discounts!$B$25)/100) -> 29.085
A99: 10 | B99: - | C99: - | D99: 1.4 | E99: 5 | F99: CR5010 10/0 | G99: 85.25 | H99: =G99*((100-Discounts!$B$25)/100) -> 35.805
A100: 12 | B100: - | C100: - | D100: 1.4 | E100: 5 | F100: CR5010 12/0 | G100: 101.25 | H100: =G100*((100-Discounts!$B$25)/100) -> 42.525
A101: 20 | B101: - | C101: - | D101: 1.4 | E101: 5 | F101: CR5010 20/0 | G101: 161.55 | H101: =G101*((100-Discounts!$B$25)/100) -> 67.851

Sheet Para
A1: Para rubber sheets
A2: Typhon Beige | F2: Datasheet
A3: Thickness (mm) | B3: Width (mtr) | C3: Length (mtr) | D3: Article nr. | E3: Gross sales price per SQM in EUR | F3: Nett price per SQM in EUR
A4: 1 | B4: 1.4 | C4: 20 | D4: AB45110B 1/0 | E4: 19.5 | F4: =E4*((100-Discounts!$B$27)/100) -> 6.825
A5: 1.5 | B5: 1.4 | C5: 15 | D5: AB45110B 1,5/0 | E5: 28 | F5: =E5*((100-Discounts!$B$27)/100) -> 9.8
A6: 2 | B6: 1.4 | C6: 10 | D6: AB45110B 2/0 | E6: 36.25 | F6: =E6*((100-Discounts!$B$27)/100) -> 12.6875
A7: 3 | B7: 1.4 | C7: 10 | D7: AB45110B 3/0 | E7: 53.75 | F7: =E7*((100-Discounts!$B$27)/100) -> 18.8125
A8: 4 | B8: 1.4 | C8: 10 | D8: AB45110B 4/0 | E8: 71.25 | F8: =E8*((100-Discounts!$B$27)/100) -> 24.9375
A9: 5 | B9: 1.4 | C9: 10 | D9: AB45110B 5/0 | E9: 89.25 | F9: =E9*((100-Discounts!$B$27)/100) -> 31.2375
A10: 6 | B10: 1.4 | C10: 10 | D10: AB45110B 6/0 | E10: 105.5 | F10: =E10*((100-Discounts!$B$27)/100) -> 36.925
A11: 8 | B11: 1.4 | C11: 5 | D11: AB45110B 8/0 | E11: 140.5 | F11: =E11*((100-Discounts!$B$27)/100) -> 49.175
A12: 8 | B12: 1.4 | C12: 5 | D12: AB45110B 8/0 | E12: 140.5 | F12: =E12*((100-Discounts!$B$27)/100) -> 49.175
A13: 10 | B13: 1.4 | C13: 5 | D13: AB45110B 10/0 | E13: 172.5 | F13: =E13*((100-Discounts!$B$27)/100) -> 60.375
A14: 10 | B14: 1.4 | C14: 5 | D14: AB45110B 10/0 | E14: 172.5 | F14: =E14*((100-Discounts!$B$27)/100) -> 60.375
A15: 12 | B15: 1.4 | C15: 5 | D15: AB45110B 12/0 | E15: 207 | F15: =E15*((100-Discounts!$B$27)/100) -> 72.45
... A17: 20 | B17: 1.4 | C17: 5 | D17: AB45110B 20/0 | E17: 339.25 | F17: =E17*((100-Discounts!$B$27)/100) -> 118.7375
A18: Typhon Grey | F18: Datasheet
A19: Thickness (mm) | B19: Width (mtr) | C19: Length (mtr) | D19: Article nr. | E19: Gross sales price per SQM in EUR | F19: Nett price per SQM in EUR
A20: 1.5 | B20: 1.4 | C20: 15 | D20: AB45110G 1,5/0 | E20: 28 | F20: =E20*((100-Discounts!$B$28)/100) -> 9.8
A21: 2 | B21: 1.4 | C21: 10 | D21: AB45110G 2/0 | E21: 36.25 | F21: =E21*((100-Discounts!$B$28)/100) -> 12.6875
A22: 3 | B22: 1.4 | C22: 10 | D22: AB45110G 3/0 | E22: 53.75 | F22: =E22*((100-Discounts!$B$28)/100) -> 18.8125
A23: 4 | B23: 1.4 | C23: 10 | D23: AB45110G 4/0 | E23: 71.25 | F23: =E23*((100-Discounts!$B$28)/100) -> 24.9375
A24: 5 | B24: 1.4 | C24: 10 | D24: AB45110G 5/0 | E24: 89.25 | F24: =E24*((100-Discounts!$B$28)/100) -> 31.2375
A25: 6 | B25: 1.4 | C25: 10 | D25: AB45110G 6/0 | E25: 105.5 | F25: =E25*((100-Discounts!$B$28)/100) -> 36.925
A26: 10 | B26: 1.4 | C26: 5 | D26: AB45110G 10/0 | E26: 172.5 | F26: =E26*((100-Discounts!$B$28)/100) -> 60.375
A27: Centaur Red | F27: Datasheet
A28: Thickness (mm) | B28: Width (mtr) | C28: Length (mtr) | D28: Article nr. | E28: Gross sales price per SQM in EUR | F28: Nett price per SQM in EUR
A29: 1 | B29: 1.4 | C29: 20 | D29: AB45110R 1/0 | E29: 13 | F29: =E29*((100-Discounts!$B$29)/100) -> 4.55
A30: 1.5 | B30: 1.4 | C30: 15 | D30: AB45110R 1,5/0 | E30: 19.5 | F30: =E30*((100-Discounts!$B$29)/100) -> 6.825
A31: 2 | B31: 1.4 | C31: 10 | D31: AB45110R 2/0 | E31: 26 | F31: =E31*((100-Discounts!$B$29)/100) -> 9.1
A32: 3 | B32: 1.4 | C32: 10 | D32: AB45110R 3/0 | E32: 40 | F32: =E32*((100-Discounts!$B$29)/100) -> 14
A33: 3 | B33: 2 | C33: 10 | D33: AB45110R 3/0 | E33: 40 | F33: =E33*((100-Discounts!$B$29)/100) -> 14
A34: 4 | B34: 1.4 | C34: 10 | D34: AB45110R 4/0 | E34: 53 | F34: =E34*((100-Discounts!$B$29)/100) -> 18.55
A35: 4 | B35: 2 | C35: 10 | D35: AB45110R 4/0 | E35: 53 | F35: =E35*((100-Discounts!$B$29)/100) -> 18.55
A36: 5 | B36: 1.4 | C36: 10 | D36: AB45110R 5/0 | E36: 65 | F36: =E36*((100-Discounts!$B$29)/100) -> 22.75
A37: 5 | B37: 15 | C37: 10 | D37: AB45110R 5/0 | E37: 65 | F37: =E37*((100-Discounts!$B$29)/100) -> 22.75
A38: 6 | B38: 1.4 | C38: 10 | D38: AB45110R 6/0 | E38: 80 | F38: =E38*((100-Discounts!$B$29)/100) -> 28
A39: 6 | B39: 2 | C39: 10 | D39: AB45110R 6/0 | E39: 80 | F39: =E39*((100-Discounts!$B$29)/100) -> 28
A40: 8 | B40: 1.4 | C40: 10 | D40: AB45110R 8/0 | E40: 105 | F40: =E40*((100-Discounts!$B$29)/100) -> 36.75
... A52: 25 | B52: 2 | C52: 10 | D52: AB45110R 25/0 | E52: 311 | F52: =E52*((100-Discounts!$B$29)/100) -> 108.85
A53: Centaur Black 40 | F53: Datasheet
A54: Thickness (mm) | B54: Width (mtr) | C54: Length (mtr) | D54: Article nr. | E54: Gross sales price per SQM in EUR | F54: Nett price per SQM in EUR
A55: 4 | B55: 1.4 | C55: 10 | D55: AB40110 4/0 | E55: 55 | F55: =E55*((100-Discounts!$B$30)/100) -> 19.25
A56: 6 | B56: 1.4 | C56: 10 | D56: AB40110 6/0 | E56: 80 | F56: =E56*((100-Discounts!$B$30)/100) -> 28
A57: 8 | B57: 1.4 | C57: 10 | D57: AB40110 8/0 | E57: 107 | F57: =E57*((100-Discounts!$B$30)/100) -> 37.45
A58: 10 | B58: 1.4 | C58: 10 | D58: AB40110 10/0 | E58: 128 | F58: =E58*((100-Discounts!$B$30)/100) -> 44.8
A59: 15 | B59: 1.4 | C59: 10 | D59: AB40110 15/0 | E59: 190 | F59: =E59*((100-Discounts!$B$30)/100) -> 66.5
A60: 20 | B60: 1.4 | C60: 10 | D60: AB40110 20/0 | E60: 250 | F60: =E60*((100-Discounts!$B$30)/100) -> 87.5
A61: Abraline 60 Black | F61: Datasheet
A62: Thickness (mm) | B62: Width (mtr) | C62: Length (mtr) | D62: Article nr. | E62: Gross sales price per SQM in EUR | F62: Nett price per SQM in EUR
A63: 3 | B63: 2 | C63: 10 | D63: Abraline60 3/0 | E63: 34 | F63: =E63*((100-Discounts!$B$31)/100) -> 11.9
A64: 4 | B64: 2 | C64: 10 | D64: Abraline60 4/0 | E64: 45 | F64: =E64*((100-Discounts!$B$31)/100) -> 15.75
A65: 5 | B65: 2 | C65: 10 | D65: Abraline60 5/0 | E65: 57 | F65: =E65*((100-Discounts!$B$31)/100) -> 19.95
A66: 6 | B66: 2 | C66: 10 | D66: Abraline60 6/0 | E66: 65 | F66: =E66*((100-Discounts!$B$31)/100) -> 22.75
A67: 8 | B67: 2 | C67: 10 | D67: Abraline60 8/0 | E67: 85 | F67: =E67*((100-Discounts!$B$31)/100) -> 29.75
A68: 10 | B68: 2 | C68: 10 | D68: Abraline60 10/0 | E68: 105 | F68: =E68*((100-Discounts!$B$31)/100) -> 36.75
A69: 12 | B69: 2 | C69: 10 | D69: Abraline60 12/0 | E69: 125 | F69: =E69*((100-Discounts!$B$31)/100) -> 43.75
A70: 15 | B70: 2 | C70: 10 | D70: Abraline60 15/0 | E70: 155 | F70: =E70*((100-Discounts!$B$31)/100) -> 54.25
A71: 20 | B71: 2 | C71: 10 | D71: Abraline60 20/0 | E71: 210 | F71: =E71*((100-Discounts!$B$31)/100) -> 73.5
A72: Centaur Black | F72: Datasheet
A73: Thickness (mm) | B73: Width (mtr) | C73: Length (mtr) | D73: Article nr. | E73: Gross sales price per SQM in EUR | F73: Nett price per SQM in EUR
A74: 3 | B74: 1.4 | C74: 10 | D74: AB60117 3/0 | E74: 27 | F74: =E74*((100-Discounts!$B$32)/100) -> 9.45
A75: 4 | B75: 1.4 | C75: 10 | D75: AB60117 4/0 | E75: 36 | F75: =E75*((100-Discounts!$B$32)/100) -> 12.6
A76: 5 | B76: 1.4 | C76: 10 | D76: AB60117 5/0 | E76: 43 | F76: =E76*((100-Discounts!$B$32)/100) -> 15.05
A77: 5 | B77: 2 | C77: 10 | D77: AB60117 5/0 | E77: 43 | F77: =E77*((100-Discounts!$B$32)/100) -> 15.05
A78: 6 | B78: 1.4 | C78: 10 | D78: AB60117 6/0 | E78: 51 | F78: =E78*((100-Discounts!$B$32)/100) -> 17.85
A79: 6 | B79: 2 | C79: 10 | D79: AB60117 6/0 | E79: 51 | F79: =E79*((100-Discounts!$B$32)/100) -> 17.85
A80: 8 | B80: 1.4 | C80: 10 | D80: AB60117 8/0 | E80: 68 | F80: =E80*((100-Discounts!$B$32)/100) -> 23.8
A81: 8 | B81: 2 | C81: 10 | D81: AB60117 8/0 | E81: 68 | F81: =E81*((100-Discounts!$B$32)/100) -> 23.8
A82: 10 | B82: 1.4 | C82: 10 | D82: AB60117 10/0 | E82: 85 | F82: =E82*((100-Discounts!$B$32)/100) -> 29.75
A83: 10 | B83: 2 | C83: 10 | D83: AB60117 10/0 | E83: 85 | F83: =E83*((100-Discounts!$B$32)/100) -> 29.75
A84: 12 | B84: 1.4 | C84: 10 | D84: AB60117 12/0 | E84: 102 | F84: =E84*((100-Discounts!$B$32)/100) -> 35.7
A85: 12 | B85: 2 | C85: 10 | D85: AB60117 12/0 | E85: 102 | F85: =E85*((100-Discounts!$B$32)/100) -> 35.7
... A95: 50 | B95: 2 | C95: 5 | D95: AB60117 50/0 | E95: 425 | F95: =E95*((100-Discounts!$B$32)/100) -> 148.75
A96: Red Dragoon | F96: Datasheet
A97: Thickness (mm) | B97: Width (mtr) | C97: Length (mtr) | D97: Article nr. | E97: Gross sales price per SQM in EUR | F97: Nett price per SQM in EUR
A98: 1.5 | B98: 1.4 | C98: 10 | D98: Abrasuper40 1,5/0 | E98: 45 | F98: =E98*((100-Discounts!$B$33)/100) -> 15.75
A99: 2 | B99: 1.4 | C99: 10 | D99: Abrasuper40 2/0 | E99: 59 | F99: =E99*((100-Discounts!$B$33)/100) -> 20.65
A100: 3 | B100: 1.4 | C100: 10 | D100: Abrasuper40 3/0 | E100: 89 | F100: =E100*((100-Discounts!$B$33)/100) -> 31.15
A101: 4 | B101: 1.4 | C101: 10 | D101: Abrasuper40 4/0 | E101: 118 | F101: =E101*((100-Discounts!$B$33)/100) -> 41.3
A102: 5 | B102: 1.4 | C102: 10 | D102: Abrasuper40 5/0 | E102: 147 | F102: =E102*((100-Discounts!$B$33)/100) -> 51.45
A103: 6 | B103: 1.4 | C103: 10 | D103: Abrasuper40 6/0 | E103: 176 | F103: =E103*((100-Discounts!$B$33)/100) -> 61.6
A104: 8 | B104: 1.4 | C104: 5 | D104: Abrasuper40 8/0 | E104: 233 | F104: =E104*((100-Discounts!$B$33)/100) -> 81.55
A105: 8 | B105: 1.4 | C105: 10 | D105: Abrasuper40 8/0 | E105: 233 | F105: =E105*((100-Discounts!$B$33)/100) -> 81.55
A106: 10 | B106: 1.4 | C106: 5 | D106: Abrasuper40 10/0 | E106: 290 | F106: =E106*((100-Discounts!$B$33)/100) -> 101.5
A107: 10 | B107: 1.4 | C107: 10 | D107: Abrasuper40 10/0 | E107: 290 | F107: =E107*((100-Discounts!$B$33)/100) -> 101.5
A108: 15 | B108: 1.4 | C108: 10 | D108: Abrasuper40 15/0 | E108: 427.5 | F108: =E108*((100-Discounts!$B$33)/100) -> 149.625
A109: 20 | B109: 1.4 | C109: 5 | D109: Abrasuper40 20/0 | E109: 570 | F109: =E109*((100-Discounts!$B$33)/100) -> 199.5
A110: Typhon Dustsealing | F110: Datasheet
A111: Thickness (mm) | B111: Width (mtr) | C111: Length (mtr) | D111: Article nr. | E111: Gross sales price per SQM in EUR | F111: Nett price per SQM in EUR
A112: 1.5 | B112: 1.4 | C112: 20 | D112: AB40100SP 1,5/0 | E112: 47.5 | F112: =E112*((100-Discounts!$B$34)/100) -> 14.25
A113: 2 | B113: 1.4 | C113: 20 | D113: AB40100SP 2/0 | E113: 52.25 | F113: =E113*((100-Discounts!$B$34)/100) -> 15.675
A114: 3 | B114: 1.4 | C114: 20 | D114: AB40100SP 3/0 | E114: 78.5 | F114: =E114*((100-Discounts!$B$34)/100) -> 23.55

Sheet Food Grade & VMQ
A1: Food Grade & VMQ Silicone rubber sheets
A2: Pegasus SBR | F2: Datasheet
A3: Thickness (mm) | B3: Width (mtr) | C3: Length (mtr) | D3: Article nr. | E3: Gross sales price per SQM in EUR | F3: Nett price per SQM in EUR
A4: 1 | B4: 1.4 | C4: 20 | D4: SB60150F 1/0 | E4: 19 | F4: =E4*((100-Discounts!$B$36)/100) -> 7.6
A5: 2 | B5: 1.4 | C5: 10 | D5: SB60150F 2/0 | E5: 33.75 | F5: =E5*((100-Discounts!$B$36)/100) -> 13.5
A6: 3 | B6: 1.4 | C6: 10 | D6: SB60150F 3/0 | E6: 47.25 | F6: =E6*((100-Discounts!$B$36)/100) -> 18.9
A7: 4 | B7: 1.4 | C7: 10 | D7: SB60150F 4/0 | E7: 63 | F7: =E7*((100-Discounts!$B$36)/100) -> 25.2
A8: 5 | B8: 1.4 | C8: 10 | D8: SB60150F 5/0 | E8: 77.5 | F8: =E8*((100-Discounts!$B$36)/100) -> 31
A9: 6 | B9: 1.4 | C9: 10 | D9: SB60150F 6/0 | E9: 92.25 | F9: =E9*((100-Discounts!$B$36)/100) -> 36.9
A10: 8 | B10: 1.4 | C10: 5 | D10: SB60150F 8/0 | E10: 121.75 | F10: =E10*((100-Discounts!$B$36)/100) -> 48.7
A11: 10 | B11: 1.4 | C11: 5 | D11: SB60150F 10/0 | E11: 149.75 | F11: =E11*((100-Discounts!$B$36)/100) -> 59.9
A12: 15 | B12: 1.4 | C12: 5 | D12: SB60150F 15/0 | E12: 220.25 | F12: =E12*((100-Discounts!$B$36)/100) -> 88.1
A13: Pegasus NBR | F13: Datasheet
A14: Thickness (mm) | B14: Width (mtr) | C14: Length (mtr) | D14: Article nr. | E14: Gross sales price per SQM in EUR | F14: Nett price per SQM in EUR
A15: 1 | B15: 1.4 | C15: 20 | D15: NB60140F 1/0 | E15: 20 | F15: =E15*((100-Discounts!$B$37)/100) -> 8
A16: 2 | B16: 1.4 | C16: 10 | D16: NB60140F 2/0 | E16: 35.25 | F16: =E16*((100-Discounts!$B$37)/100) -> 14.1
A17: 3 | B17: 1.4 | C17: 10 | D17: NB60140F 3/0 | E17: 49.75 | F17: =E17*((100-Discounts!$B$37)/100) -> 19.9
A18: 4 | B18: 1.4 | C18: 10 | D18: NB60140F 4/0 | E18: 66.5 | F18: =E18*((100-Discounts!$B$37)/100) -> 26.6
A19: 5 | B19: 1.4 | C19: 10 | D19: NB60140F 5/0 | E19: 81.25 | F19: =E19*((100-Discounts!$B$37)/100) -> 32.5
A20: 6 | B20: 1.4 | C20: 10 | D20: NB60140F 6/0 | E20: 96.75 | F20: =E20*((100-Discounts!$B$37)/100) -> 38.7
A21: 8 | B21: 1.4 | C21: 5 | D21: NB60140F 8/0 | E21: 127.5 | F21: =E21*((100-Discounts!$B$37)/100) -> 51
A22: 10 | B22: 1.4 | C22: 5 | D22: NB60140F 10/0 | E22: 157.75 | F22: =E22*((100-Discounts!$B$37)/100) -> 63.1
A23: Pegasus EPDM | F23: Datasheet
A24: Thickness (mm) | B24: Width (mtr) | C24: Length (mtr) | D24: Article nr. | E24: Gross sales price per SQM in EUR | F24: Nett price per SQM in EUR
A25: 1 | B25: 1.4 | C25: 20 | D25: EP60130F 1/0 | E25: 19.75 | F25: =E25*((100-Discounts!$B$38)/100) -> 7.9
A26: 1.5 | B26: 1.4 | C26: 15 | D26: EP60130F 1,5/0 | E26: 27.75 | F26: =E26*((100-Discounts!$B$38)/100) -> 11.1
A27: 2 | B27: 1.4 | C27: 10 | D27: EP60130F 2/0 | E27: 35.5 | F27: =E27*((100-Discounts!$B$38)/100) -> 14.2
A28: 3 | B28: 1.4 | C28: 10 | D28: EP60130F 3/0 | E28: 50.25 | F28: =E28*((100-Discounts!$B$38)/100) -> 20.1
A29: 4 | B29: 1.4 | C29: 10 | D29: EP60130F 4/0 | E29: 66.5 | F29: =E29*((100-Discounts!$B$38)/100) -> 26.6
A30: 5 | B30: 1.4 | C30: 10 | D30: EP60130F 5/0 | E30: 82.5 | F30: =E30*((100-Discounts!$B$38)/100) -> 33
A31: 6 | B31: 1.4 | C31: 10 | D31: EP60130F 6/0 | E31: 98 | F31: =E31*((100-Discounts!$B$38)/100) -> 39.2
A32: 8 | B32: 1.4 | C32: 5 | D32: EP60130F 8/0 | E32: 129.5 | F32: =E32*((100-Discounts!$B$38)/100) -> 51.8
A33: 10 | B33: 1.4 | C33: 5 | D33: EP60130F 10/0 | E33: 160.75 | F33: =E33*((100-Discounts!$B$38)/100) -> 64.3
A34: Pegasus CR | F34: Datasheet
A35: Thickness (mm) | B35: Width (mtr) | C35: Length (mtr) | D35: Article nr. | E35: Gross sales price per SQM in EUR | F35: Nett price per SQM in EUR
A36: 1 | B36: 1.4 | C36: 10 | D36: NE65145F 1/0 | E36: 35.5 | F36: =E36*((100-Discounts!$B$39)/100) -> 14.2
A37: 2 | B37: 1.4 | C37: 10 | D37: NE65145F 2/0 | E37: 56.5 | F37: =E37*((100-Discounts!$B$39)/100) -> 22.6
A38: 3 | B38: 1.4 | C38: 10 | D38: NE65145F 3/0 | E38: 86.5 | F38: =E38*((100-Discounts!$B$39)/100) -> 34.6
A39: 4 | B39: 1.4 | C39: 10 | D39: NE65145F 4/0 | E39: 115.25 | F39: =E39*((100-Discounts!$B$39)/100) -> 46.1
A40: 5 | B40: 1.4 | C40: 10 | D40: NE65145F 5/0 | E40: 144 | F40: =E40*((100-Discounts!$B$39)/100) -> 57.6
A41: Viking Translucent | F41: Datasheet
A42: Thickness (mm) | B42: Width (mtr) | C42: Length (mtr) | D42: Article nr. | E42: Gross sales price per SQM in EUR | F42: Nett price per SQM in EUR
A43: 1 | B43: 1.2 | C43: 10 | D43: SI60120TP 1/0 | E43: 26.5 | F43: =E43*((100-Discounts!$B$40)/100) -> 10.6
A44: 1.5 | B44: 1.2 | C44: 10 | D44: SI60120TP 1,5/0 | E44: 38.5 | F44: =E44*((100-Discounts!$B$40)/100) -> 15.4
A45: 2 | B45: 1.2 | C45: 10 | D45: SI60120TP 2/0 | E45: 50 | F45: =E45*((100-Discounts!$B$40)/100) -> 20
A46: 3 | B46: 1.2 | C46: 10 | D46: SI60120TP 3/0 | E46: 72.25 | F46: =E46*((100-Discounts!$B$40)/100) -> 28.9
A47: 4 | B47: 1.2 | C47: 10 | D47: SI60120TP 4/0 | E47: 96.25 | F47: =E47*((100-Discounts!$B$40)/100) -> 38.5
A48: 5 | B48: 1.2 | C48: 10 | D48: SI60120TP 5/0 | E48: 120.5 | F48: =E48*((100-Discounts!$B$40)/100) -> 48.2
A49: 6 | B49: 1.2 | C49: 10 | D49: SI60120TP 6/0 | E49: 144.5 | F49: =E49*((100-Discounts!$B$40)/100) -> 57.8
A50: 8 | B50: 1.2 | C50: 5 | D50: SI60120TP 8/0 | E50: 192.5 | F50: =E50*((100-Discounts!$B$40)/100) -> 77
A51: 8 | B51: 1.2 | C51: 10 | D51: SI60120TP 8/0 | E51: 192.5 | F51: =E51*((100-Discounts!$B$40)/100) -> 77
A52: 10 | B52: 1.2 | C52: 5 | D52: SI60120TP 10/0 | E52: 240.75 | F52: =E52*((100-Discounts!$B$40)/100) -> 96.3
A53: 10 | B53: 1.2 | C53: 10 | D53: SI60120TP 10/0 | E53: 240.75 | F53: =E53*((100-Discounts!$B$40)/100) -> 96.3
A54: 12 | B54: 1.2 | C54: 5 | D54: SI60120TP 12/0 | E54: 288.75 | F54: =E54*((100-Discounts!$B$40)/100) -> 115.5
A55: Viking Blue | F55: Datasheet
A56: Thickness (mm) | B56: Width (mtr) | C56: Length (mtr) | D56: Article nr. | E56: Gross sales price per SQM in EUR | F56: Nett price per SQM in EUR
A57: 1 | B57: 1.2 | C57: 10 | D57: SI60120BL 1/0 | E57: 26.5 | F57: =E57*((100-Discounts!$B$41)/100) -> 10.6
A58: 1.5 | B58: 1.2 | C58: 10 | D58: SI60120BL 1,5/0 | E58: 38.5 | F58: =E58*((100-Discounts!$B$41)/100) -> 15.4
A59: 2 | B59: 1.2 | C59: 10 | D59: SI60120BL 2/0 | E59: 50 | F59: =E59*((100-Discounts!$B$41)/100) -> 20
A60: 3 | B60: 1.2 | C60: 10 | D60: SI60120BL 3/0 | E60: 72.25 | F60: =E60*((100-Discounts!$B$41)/100) -> 28.9
A61: 4 | B61: 1.2 | C61: 10 | D61: SI60120BL 4/0 | E61: 96.25 | F61: =E61*((100-Discounts!$B$41)/100) -> 38.5
A62: 5 | B62: 1.2 | C62: 10 | D62: SI60120BL 5/0 | E62: 120.5 | F62: =E62*((100-Discounts!$B$41)/100) -> 48.2
A63: 6 | B63: 1.2 | C63: 10 | D63: SI60120BL 6/0 | E63: 144.5 | F63: =E63*((100-Discounts!$B$41)/100) -> 57.8
A64: 8 | B64: 1.2 | C64: 5 | D64: SI60120BL 8/0 | E64: 192.5 | F64: =E64*((100-Discounts!$B$41)/100) -> 77
A65: 8 | B65: 1.2 | C65: 10 | D65: SI60120BL 8/0 | E65: 192.5 | F65: =E65*((100-Discounts!$B$41)/100) -> 77
A66: 10 | B66: 1.2 | C66: 5 | D66: SI60120BL 10/0 | E66: 240.75 | F66: =E66*((100-Discounts!$B$41)/100) -> 96.3
A67: 10 | B67: 1.2 | C67: 10 | D67: SI60120BL 10/0 | E67: 240.75 | F67: =E67*((100-Discounts!$B$41)/100) -> 96.3
A68: Viking Brick Red | F68: Datasheet
A69: Thickness (mm) | B69: Width (mtr) | C69: Length (mtr) | D69: Article nr. | E69: Gross sales price per SQM in EUR | F69: Nett price per SQM in EUR
A70: 1 | B70: 1.2 | C70: 10 | D70: SI60120BR 1/0 | E70: 26.5 | F70: =E70*((100-Discounts!$B$42)/100) -> 10.6
A71: 1.5 | B71: 1.2 | C71: 10 | D71: SI60120BR 1,5/0 | E71: 38.5 | F71: =E71*((100-Discounts!$B$42)/100) -> 15.4
A72: 2 | B72: 1.2 | C72: 10 | D72: SI60120BR 2/0 | E72: 50 | F72: =E72*((100-Discounts!$B$42)/100) -> 20
A73: 3 | B73: 1.2 | C73: 10 | D73: SI60120BR 3/0 | E73: 72.25 | F73: =E73*((100-Discounts!$B$42)/100) -> 28.9
A74: 4 | B74: 1.2 | C74: 10 | D74: SI60120BR 4/0 | E74: 96.25 | F74: =E74*((100-Discounts!$B$42)/100) -> 38.5
A75: 5 | B75: 1.2 | C75: 10 | D75: SI60120BR 5/0 | E75: 120.5 | F75: =E75*((100-Discounts!$B$42)/100) -> 48.2
A76: 6 | B76: 1.2 | C76: 10 | D76: SI60120BR 6/0 | E76: 144.5 | F76: =E76*((100-Discounts!$B$42)/100) -> 57.8
A77: 8 | B77: 1.2 | C77: 5 | D77: SI60120BR 8/0 | E77: 192.5 | F77: =E77*((100-Discounts!$B$42)/100) -> 77
A78: 8 | B78: 1.2 | C78: 10 | D78: SI60120BR 8/0 | E78: 192.5 | F78: =E78*((100-Discounts!$B$42)/100) -> 77
A79: 10 | B79: 1.2 | C79: 5 | D79: SI60120BR 10/0 | E79: 240.75 | F79: =E79*((100-Discounts!$B$42)/100) -> 96.3
A80: 10 | B80: 1.2 | C80: 10 | D80: SI60120BR 10/0 | E80: 240.75 | F80: =E80*((100-Discounts!$B$42)/100) -> 96.3
A81: 12 | B81: 1.2 | C81: 5 | D81: SI60120BR 12/0 | E81: 288.75 | F81: =E81*((100-Discounts!$B$42)/100) -> 115.5
A82: Viking White | F82: Datasheet
A83: Thickness (mm) | B83: Width (mtr) | C83: Length (mtr) | D83: Article nr. | E83: Gross sales price per SQM in EUR | F83: Nett price per SQM in EUR
A84: 2 | B84: 1.2 | C84: 10 | D84: SI60120W 2/0 | E84: 50 | F84: =E84*((100-Discounts!$B$43)/100) -> 20
A85: 3 | B85: 1.2 | C85: 10 | D85: SI60120W 3/0 | E85: 72.25 | F85: =E85*((100-Discounts!$B$43)/100) -> 28.9
A86: 5 | B86: 1.2 | C86: 10 | D86: SI60120W 5/0 | E86: 120.5 | F86: =E86*((100-Discounts!$B$43)/100) -> 48.2
A87: 10 | B87: 1.2 | C87: 5 | D87: SI60120W 10/0 | E87: 240.75 | F87: =E87*((100-Discounts!$B$43)/100) -> 96.3
A88: Viking Translucent 40 | F88: Datasheet
A89: Thickness (mm) | B89: Width (mtr) | C89: Length (mtr) | D89: Article nr. | E89: Gross sales price per SQM in EUR | F89: Nett price per SQM in EUR
A90: 1 | B90: 1.2 | C90: 10 | D90: SI40120TP 1/0 | E90: 26.5 | F90: =E90*((100-Discounts!$B$44)/100) -> 10.6
A91: 1.5 | B91: 1.2 | C91: 10 | D91: SI40120TP 1,5/0 | E91: 38.5 | F91: =E91*((100-Discounts!$B$44)/100) -> 15.4
A92: 2 | B92: 1.2 | C92: 10 | D92: SI40120TP 2/0 | E92: 50 | F92: =E92*((100-Discounts!$B$44)/100) -> 20
A93: 3 | B93: 1.2 | C93: 10 | D93: SI40120TP 3/0 | E93: 72.25 | F93: =E93*((100-Discounts!$B$44)/100) -> 28.9
A94: 4 | B94: 1.2 | C94: 10 | D94: SI40120TP 4/0 | E94: 96.25 | F94: =E94*((100-Discounts!$B$44)/100) -> 38.5
A95: 5 | B95: 1.2 | C95: 10 | D95: SI40120TP 5/0 | E95: 120.5 | F95: =E95*((100-Discounts!$B$44)/100) -> 48.2
A96: 6 | B96: 1.2 | C96: 10 | D96: SI40120TP 6/0 | E96: 144.5 | F96: =E96*((100-Discounts!$B$44)/100) -> 57.8
A97: 8 | B97: 1.2 | C97: 10 | D97: SI40120TP 8/0 | E97: 192.5 | F97: =E97*((100-Discounts!$B$44)/100) -> 77
A98: 10 | B98: 1.2 | C98: 10 | D98: SI40120TP 10/0 | E98: 240.75 | F98: =E98*((100-Discounts!$B$44)/100) -> 96.3

Sheet FKM
A1: Fluoro elastomer rubber sheets
A2: Karibu FKM | F2: Datasheet
A3: Thickness (mm) | B3: Width (mtr) | C3: Length (mtr) | D3: Article nr. | E3: Gross sales price per SQM in EUR | F3: Nett price per SQM in EUR
A4: 0.5 | B4: 1.2 | C4: 10 | D4: FPG72190G 0,5/0 | E4: 80 | F4: =E4*((100-Discounts!$B$46)/100) -> 30.4
A5: 1 | B5: 1.2 | C5: 10 | D5: FPG72190G 1/0 | E5: 115 | F5: =E5*((100-Discounts!$B$46)/100) -> 43.7
A6: 1.5 | B6: 1.2 | C6: 10 | D6: FPG72190G 1,5/0 | E6: 170 | F6: =E6*((100-Discounts!$B$46)/100) -> 64.6
A7: 2 | B7: 1.2 | C7: 10 | D7: FPG72190G 2/0 | E7: 220 | F7: =E7*((100-Discounts!$B$46)/100) -> 83.6
A8: 3 | B8: 1.2 | C8: 10 | D8: FPG72190G 3/0 | E8: 330 | F8: =E8*((100-Discounts!$B$46)/100) -> 125.4
A9: 4 | B9: 1.2 | C9: 10 | D9: FPG72190G 4/0 | E9: 440 | F9: =E9*((100-Discounts!$B$46)/100) -> 167.2
A10: 5 | B10: 1.2 | C10: 10 | D10: FPG72190G 5/0 | E10: 550 | F10: =E10*((100-Discounts!$B$46)/100) -> 209
A11: 6 | B11: 1.2 | C11: 10 | D11: FPG72190G 6/0 | E11: 660 | F11: =E11*((100-Discounts!$B$46)/100) -> 250.8
A12: 8 | B12: 1.2 | C12: 5 | D12: FPG72190G 8/0 | E12: 880 | F12: =E12*((100-Discounts!$B$46)/100) -> 334.4
A13: 10 | B13: 1.2 | C13: 5 | D13: FPG72190G 10/0 | E13: 1100 | F13: =E13*((100-Discounts!$B$46)/100) -> 418
A14: 12 | B14: 1.2 | C14: 5 | D14: FPG72190G 12/0 | E14: 1320 | F14: =E14*((100-Discounts!$B$46)/100) -> 501.6

Sheet Various
A1: Various rubber sheets
A2: Kabira Neobenzid | F2: Datasheet
A3: Thickness (mm) | B3: Width (mtr) | C3: Length (mtr) | D3: Article nr. | E3: Gross sales price per SQM in EUR | F3: Nett price per SQM in EUR
A4: 2 | B4: 1.4 | C4: 10 | D4: NB65145G 2/0 | E4: 40 | F4: =E4*((100-Discounts!$B$48)/100) -> 18
A5: 3 | B5: 1.4 | C5: 10 | D5: NB65145G 3/0 | E5: 59.25 | F5: =E5*((100-Discounts!$B$48)/100) -> 26.6625
A6: 4 | B6: 1.4 | C6: 10 | D6: NB65145G 4/0 | E6: 79 | F6: =E6*((100-Discounts!$B$48)/100) -> 35.55
A7: 5 | B7: 1.4 | C7: 10 | D7: NB65145G 5/0 | E7: 98 | F7: =E7*((100-Discounts!$B$48)/100) -> 44.1
A8: 6 | B8: 1.4 | C8: 10 | D8: NB65145G 6/0 | E8: 117.5 | F8: =E8*((100-Discounts!$B$48)/100) -> 52.875
A9: 10 | B9: 1.4 | C9: 5 | D9: NB65145G 10/0 | E9: 194.25 | F9: =E9*((100-Discounts!$B$48)/100) -> 87.4125
A10: Serra CSM | F10: Datasheet
A11: Thickness (mm) | B11: Width (mtr) | C11: Length (mtr) | D11: Article nr. | E11: Gross sales price per SQM in EUR | F11: Nett price per SQM in EUR
A12: 2 | B12: 1.4 | C12: 10 | D12: HN65140 2/0 | E12: 65.5 | F12: =E12*((100-Discounts!$B$49)/100) -> 29.475
A13: 3 | B13: 1.4 | C13: 10 | D13: HN65140 3/0 | E13: 94 | F13: =E13*((100-Discounts!$B$49)/100) -> 42.3
A14: 4 | B14: 1.4 | C14: 10 | D14: HN65140 4/0 | E14: 125.25 | F14: =E14*((100-Discounts!$B$49)/100) -> 56.3625
A15: 5 | B15: 1.4 | C15: 10 | D15: HN65140 5/0 | E15: 155 | F15: =E15*((100-Discounts!$B$49)/100) -> 69.75
A16: 6 | B16: 1.4 | C16: 10 | D16: HN65140 6/0 | E16: 183.75 | F16: =E16*((100-Discounts!$B$49)/100) -> 82.6875
A17: Rama Butyl | F17: Datasheet
A18: Thickness (mm) | B18: Width (mtr) | C18: Length (mtr) | D18: Article nr. | E18: Gross sales price per SQM in EUR | F18: Nett price per SQM in EUR
A19: 2 | B19: 1.4 | C19: 10 | D19: IR60120 2/0 | E19: 47.75 | F19: =E19*((100-Discounts!$B$50)/100) -> 21.4875
A20: 3 | B20: 1.4 | C20: 10 | D20: IR60120 3/0 | E20: 70.5 | F20: =E20*((100-Discounts!$B$50)/100) -> 31.725
A21: 4 | B21: 1.4 | C21: 10 | D21: IR60120 4/0 | E21: 94 | F21: =E21*((100-Discounts!$B$50)/100) -> 42.3
A22: 5 | B22: 1.4 | C22: 10 | D22: IR60120 5/0 | E22: 116.75 | F22: =E22*((100-Discounts!$B$50)/100) -> 52.5375

Sheet Matting
A1: Rubber matting
A2: Cobra | G2: Photo | H2: Datasheet
A3: Thickness (mm) | B3: Insertion(s) | C3: Insertion type | D3: Width (mtr) | E3: Length (mtr) | F3: Article nr. | G3: Gross sales price per SQM in EUR | H3: Nett price per SQM in EUR
A4: 3 | B4: - | C4: - | D4: 1.6 | E4: 10 | F4: SX70150C 3/0 | G4: 18 | H4: =G4*((100-Discounts!$B$52)/100) -> 8.1
A5: 3 | B5: - | C5: - | D5: 1.7 | E5: 10 | F5: SX70150C 3/0 | G5: 18 | H5: =G5*((100-Discounts!$B$52)/100) -> 8.1
A6: 3 | B6: - | C6: - | D6: 1.8 | E6: 10 | F6: SX70150C 3/0 | G6: 18 | H6: =G6*((100-Discounts!$B$52)/100) -> 8.1
A7: 3 | B7: - | C7: - | D7: 2 | E7: 10 | F7: SX70150C 3/0 | G7: 18 | H7: =G7*((100-Discounts!$B$52)/100) -> 8.1
A8: 4 | B8: 2 | C8: nylon | D8: 2 | E8: 10 | F8: SX70150C 4/2 | G8: 34.5 | H8: =G8*((100-Discounts!$B$52)/100) -> 15.525
A9: 5 | B9: - | C9: - | D9: 2 | E9: 10 | F9: SX70150C 5/0 | G9: 29.25 | H9: =G9*((100-Discounts!$B$52)/100) -> 13.1625
A10: 6 | B10: 2 | C10: nylon | D10: 1.45 | E10: 12 | F10: SX70150C 6/2 | G10: 44 | H10: =G10*((100-Discounts!$B$52)/100) -> 19.8
A11: 6 | B11: 2 | C11: nylon | D11: 1.7 | E11: 12 | F11: SX70150C 6/2 | G11: 44 | H11: =G11*((100-Discounts!$B$52)/100) -> 19.8
A12: 6 | B12: 2 | C12: nylon | D12: 2 | E12: 20 | F12: SX70150C 6/2 | G12: 44 | H12: =G12*((100-Discounts!$B$52)/100) -> 19.8
A13: 8 | B13: 1 | C13: nylon | D13: 1.7 | E13: 12 | F13: SX70150C 8/1 | G13: 50 | H13: =G13*((100-Discounts!$B$52)/100) -> 22.5
A14: 8 | B14: 1 | C14: nylon | D14: 2 | E14: 10 | F14: SX70150C 8/1 | G14: 50 | H14: =G14*((100-Discounts!$B$52)/100) -> 22.5
A15: Feniks Insulation Fine Rib Mat | G15: Photo | H15: Datasheet
A16: Thickness (mm) | B16: Insertion(s) | C16: Insertion type | D16: Width (mtr) | E16: Length (mtr) | F16: Article nr. | G16: Gross sales price per SQM in EUR | H16: Nett price per SQM in EUR | I16: Class | J16: Colour | K16: Proof Test Voltage | L16: Resistance | M16: Maximum use voltage
A17: 3 | B17: - | C17: - | D17: 1 | E17: 10 | F17: ELS30000G 3/0 | G17: 38 | H17: =G17*((100-Discounts!$B$53)/100) -> 15.2 | I17: 2 | J17: Grey | K17: 20 kV | L17: 30 kV | M17: 17 kV
A18: 3 | B18: - | C18: - | D18: 1.2 | E18: 10 | F18: ELS30000G 3/0 | G18: 38 | H18: =G18*((100-Discounts!$B$53)/100) -> 15.2 | I18: 2 | J18: Grey | K18: 20 kV | L18: 30 kV | M18: 17 kV
A19: 3 | B19: - | C19: - | D19: 1 | E19: 10 | F19: ELS30000G 3/0 | G19: 38 | H19: =G19*((100-Discounts!$B$53)/100) -> 15.2 | I19: 2 | J19: Black | K19: 20 kV | L19: 30 kV | M19: 17 kV
A20: 4.5 | B20: - | C20: - | D20: 1 | E20: 10 | F20: ELS50000G 4,5/0 | G20: 58.5 | H20: =G20*((100-Discounts!$B$53)/100) -> 23.4 | I20: 4 | J20: Grey | K20: 40 kV | L20: 50 kV | M20: 36 kV
A21: 4.5 | B21: - | C21: - | D21: 1.2 | E21: 10 | F21: ELS50000G 4,5/0 | G21: 58.5 | H21: =G21*((100-Discounts!$B$53)/100) -> 23.4 | I21: 4 | J21: Grey | K21: 40 kV | L21: 50 kV | M21: 36 kV
A22: Feniks Isocarpet | G22: Photo | H22: Datasheet
A23: Thickness (mm) | B23: Insertion(s) | C23: Insertion type | D23: Width (mtr) | E23: Length (mtr) | F23: Article nr. | G23: Gross sales price per SQM in EUR | H23: Nett price per SQM in EUR | I23: Class | J23: Colour | K23: Proof Test Voltage | L23: Resistance | M23: Maximum use voltage
A24: 1.6 | B24: - | C24: - | D24: 1 | E24: 10 | F24: ELS1000V 1,6/0 | G24: 27 | H24: =G24*((100-Discounts!$B$53)/100) -> 10.8 | I24: 0 | J24: Orange | K24: 5 kV | L24: 10 kV | M24: 1 kV
A25: Feniks Insulation Checker Mat | G25: Photo | H25: Datasheet
A26: Thickness (mm) | B26: Insertion(s) | C26: Insertion type | D26: Width (mtr) | E26: Length (mtr) | F26: Article nr. | G26: Gross sales price per SQM in EUR | H26: Nett price per SQM in EUR | I26: Class | J26: Colour | K26: Proof Test Voltage | L26: Resistance | M26: Maximum use voltage
A27: 3 | B27: - | C27: - | D27: 1.4 | E27: 10 | F27: CD65ELSG 3/0 | G27: 40 | H27: =G27*((100-Discounts!$B$53)/100) -> 16 | I27: 2 | J27: Grey | K27: 20 kV | L27: 30 kV | M27: 17 kV
A28: Saturn Fine Rib | G28: Photo | H28: Datasheet
A29: Thickness (mm) | B29: Insertion(s) | C29: Insertion type | D29: Width (mtr) | E29: Length (mtr) | F29: Article nr. | G29: Gross sales price per SQM in EUR | H29: Nett price per SQM in EUR
A30: 3 | B30: - | C30: - | D30: 1 | E30: 10 | F30: MR65 3/0 | G30: 16 | H30: =G30*((100-Discounts!$B$54)/100) -> 6.4
A31: 3 | B31: - | C31: - | D31: 1.2 | E31: 10 | F31: MR65 3/0 | G31: 16 | H31: =G31*((100-Discounts!$B$54)/100) -> 6.4
A32: 3 | B32: - | C32: - | D32: 1.4 | E32: 10 | F32: MR65 3/0 | G32: 16 | H32: =G32*((100-Discounts!$B$54)/100) -> 6.4
A33: 3 | B33: 1 | C33: cotton | D33: 1 | E33: 10 | F33: MR65 3/1 | G33: 17.5 | H33: =G33*((100-Discounts!$B$54)/100) -> 7
A34: 3 | B34: 1 | C34: cotton | D34: 1.2 | E34: 10 | F34: MR65 3/1 | G34: 17.5 | H34: =G34*((100-Discounts!$B$54)/100) -> 7
A35: 4 | B35: - | C35: - | D35: 1 | E35: 10 | F35: MR65 4/0 | G35: 22.75 | H35: =G35*((100-Discounts!$B$54)/100) -> 9.1
A36: 4 | B36: - | C36: - | D36: 1.2 | E36: 10 | F36: MR65 4/0 | G36: 22.75 | H36: =G36*((100-Discounts!$B$54)/100) -> 9.1
A37: Saturn Fine Rib Grey | G37: Photo | H37: Datasheet
A38: Thickness (mm) | B38: Insertion(s) | C38: Insertion type | D38: Width (mtr) | E38: Length (mtr) | F38: Article nr. | G38: Gross sales price per SQM in EUR | H38: Nett price per SQM in EUR
A39: 3 | B39: - | C39: - | D39: 1 | E39: 10 | F39: MR65G 3/0 | G39: 24.25 | H39: =G39*((100-Discounts!$B$54)/100) -> 9.7
A40: 3 | B40: - | C40: - | D40: 1.2 | E40: 10 | F40: MR65G 3/0 | G40: 24.25 | H40: =G40*((100-Discounts!$B$54)/100) -> 9.7
A41: 3 | B41: - | C41: - | D41: 1.4 | E41: 10 | F41: MR65G 3/0 | G41: 24.25 | H41: =G41*((100-Discounts!$B$54)/100) -> 9.7
A42: Saturn Basic Fine Rib | G42: Photo | H42: Datasheet
A43: Thickness (mm) | B43: Insertion(s) | C43: Insertion type | D43: Width (mtr) | E43: Length (mtr) | F43: Article nr. | G43: Gross sales price per meter in EUR | H43: Nett price per Meter in EUR
A44: 2.7 | B44: - | C44: - | D44: 0.2 | E44: 10 | F44: MR65SX 2,7/0-0,2 | G44: 2.75 | H44: =G44*((100-Discounts!$B$55)/100) -> 1.1
A45: 2.7 | B45: - | C45: - | D45: 0.3 | E45: 10 | F45: MR65SX 2,7/0-0,3 | G45: 4.25 | H45: =G45*((100-Discounts!$B$55)/100) -> 1.7
A46: 2.7 | B46: - | C46: - | D46: 0.4 | E46: 10 | F46: MR65SX 2,7/0-0,4 | G46: 5.75 | H46: =G46*((100-Discounts!$B$55)/100) -> 2.3
A47: 2.7 | B47: - | C47: - | D47: 0.5 | E47: 10 | F47: MR65SX 2,7/0-0,5 | G47: 7 | H47: =G47*((100-Discounts!$B$55)/100) -> 2.8
A48: 2.7 | B48: - | C48: - | D48: 0.6 | E48: 10 | F48: MR65SX 2,7/0-0,6 | G48: 8.5 | H48: =G48*((100-Discounts!$B$55)/100) -> 3.4
A49: 2.7 | B49: - | C49: - | D49: 0.7 | E49: 10 | F49: MR65SX 2,7/0-0,7 | G49: 10 | H49: =G49*((100-Discounts!$B$55)/100) -> 4
A50: 2.7 | B50: - | C50: - | D50: 0.8 | E50: 10 | F50: MR65SX 2,7/0-0,8 | G50: 11.25 | H50: =G50*((100-Discounts!$B$55)/100) -> 4.5
A51: 2.7 | B51: - | C51: - | D51: 0.9 | E51: 10 | F51: MR65SX 2,7/0-0,9 | G51: 12.75 | H51: =G51*((100-Discounts!$B$55)/100) -> 5.1
A52: Saturn Basic Fine Rib | G52: Photo | H52: Datasheet
A53: Thickness (mm) | B53: Insertion(s) | C53: Insertion type | D53: Width (mtr) | E53: Length (mtr) | F53: Article nr. | G53: Gross sales price per SQM in EUR | H53: Nett price per SQM in EUR
A54: 2.7 | B54: - | C54: - | D54: 1 | E54: 10 | F54: MR65SX 2,7/0 | G54: 13.5 | H54: =G54*((100-Discounts!$B$55)/100) -> 5.4
A55: 2.7 | B55: - | C55: - | D55: 1.2 | E55: 10 | F55: MR65SX 2,7/0 | G55: 13.5 | H55: =G55*((100-Discounts!$B$55)/100) -> 5.4
A56: 2.7 | B56: - | C56: - | D56: 1.4 | E56: 10 | F56: MR65SX 2,7/0 | G56: 13.5 | H56: =G56*((100-Discounts!$B$55)/100) -> 5.4
A57: 2.7 | B57: - | C57: - | D57: 1.5 | E57: 10 | F57: MR65SX 2,7/0 | G57: 13.5 | H57: =G57*((100-Discounts!$B$55)/100) -> 5.4
A58: Saturn Fine Rib NBR | G58: Photo | H58: Datasheet
A59: Thickness (mm) | B59: Insertion(s) | C59: Insertion type | D59: Width (mtr) | E59: Length (mtr) | F59: Article nr. | G59: Gross sales price per SQM in EUR | H59: Nett price per SQM in EUR
A60: 3 | B60: - | C60: - | D60: 1 | E60: 10 | F60: MR65NBR 3/0 | G60: 21.5 | H60: =G60*((100-Discounts!$B$56)/100) -> 8.6
A61: 3 | B61: - | C61: - | D61: 1.2 | E61: 10 | F61: MR65NBR 3/0 | G61: 21.5 | H61: =G61*((100-Discounts!$B$56)/100) -> 8.6
A62: Saturn Eco Fine Rib | G62: Photo | H62: Datasheet
A63: Thickness (mm) | B63: Insertion(s) | C63: Insertion type | D63: Width (mtr) | E63: Length (mtr) | F63: Article nr. | G63: Gross sales price per SQM in EUR | H63: Nett price per SQM in EUR
A64: 2.5 | B64: - | C64: - | D64: 1 | E64: 10 | F64: MN65 2,5/0 | G64: 11.5 | H64: =G64*((100-Discounts!$B$57)/100) -> 4.6
A65: 2.5 | B65: - | C65: - | D65: 1.2 | E65: 10 | F65: MN65 2,5/0 | G65: 11.5 | H65: =G65*((100-Discounts!$B$57)/100) -> 4.6
A66: Athena Broad Rib | G66: Photo | H66: Datasheet
A67: Thickness (mm) | B67: Insertion(s) | C67: Insertion type | D67: Width (mtr) | E67: Length (mtr) | F67: Article nr. | G67: Gross sales price per SQM in EUR | H67: Nett price per SQM in EUR
A68: 3 | B68: - | C68: - | D68: 1 | E68: 10 | F68: CR65 3/0 | G68: 16.25 | H68: =G68*((100-Discounts!$B$58)/100) -> 6.5
A69: 3 | B69: - | C69: - | D69: 1.2 | E69: 10 | F69: CR65 3/0 | G69: 16.25 | H69: =G69*((100-Discounts!$B$58)/100) -> 6.5
A70: 3 | B70: - | C70: - | D70: 1.4 | E70: 10 | F70: CR65 3/0 | G70: 16.25 | H70: =G70*((100-Discounts!$B$58)/100) -> 6.5
A71: 3 | B71: - | C71: - | D71: 1.6 | E71: 10 | F71: CR65 3/0 | G71: 16.25 | H71: =G71*((100-Discounts!$B$58)/100) -> 6.5
A72: Freya Block Rib | G72: Photo | H72: Datasheet
A73: Thickness (mm) | B73: Insertion(s) | C73: Insertion type | D73: Width (mtr) | E73: Length (mtr) | F73: Article nr. | G73: Gross sales price per SQM in EUR | H73: Nett price per SQM in EUR
A74: 3 | B74: - | C74: - | D74: 1.2 | E74: 10 | F74: LS65 3/0 | G74: 17.25 | H74: =G74*((100-Discounts!$B$59)/100) -> 6.9
A75: Hurricane Wide Rib | G75: Photo | H75: Datasheet
A76: Thickness (mm) | B76: Insertion(s) | C76: Insertion type | D76: Width (mtr) | E76: Length (mtr) | F76: Article nr. | G76: Gross sales price per SQM in EUR | H76: Nett price per SQM in EUR
A77: 5 | B77: - | C77: - | D77: 1 | E77: 10 | F77: BR65 5/0 | G77: 29.25 | H77: =G77*((100-Discounts!$B$60)/100) -> 11.7
A78: 5 | B78: - | C78: - | D78: 1.2 | E78: 10 | F78: BR65 5/0 | G78: 29.25 | H78: =G78*((100-Discounts!$B$60)/100) -> 11.7
A79: 6 | B79: - | C79: - | D79: 1 | E79: 10 | F79: BR65 6/0 | G79: 37.5 | H79: =G79*((100-Discounts!$B$60)/100) -> 15
A80: 6 | B80: - | C80: - | D80: 1.2 | E80: 10 | F80: BR65 6/0 | G80: 37.5 | H80: =G80*((100-Discounts!$B$60)/100) -> 15
A81: Hurricane Eco Wide Rib | G81: Photo | H81: Datasheet
A82: Thickness (mm) | B82: Insertion(s) | C82: Insertion type | D82: Width (mtr) | E82: Length (mtr) | F82: Article nr. | G82: Gross sales price per SQM in EUR | H82: Nett price per SQM in EUR
A83: 5 | B83: - | C83: - | D83: 1 | E83: 10 | F83: BR65SX 5/0 | G83: 22.75 | H83: =G83*((100-Discounts!$B$61)/100) -> 9.1
A84: 5 | B84: - | C84: - | D84: 1.2 | E84: 10 | F84: BR65SX 5/0 | G84: 22.75 | H84: =G84*((100-Discounts!$B$61)/100) -> 9.1
A85: 6 | B85: - | C85: - | D85: 1 | E85: 10 | F85: BR65SX 6/0 | G85: 29 | H85: =G85*((100-Discounts!$B$61)/100) -> 11.6
A86: 6 | B86: - | C86: - | D86: 1.2 | E86: 10 | F86: BR65SX 6/0 | G86: 29 | H86: =G86*((100-Discounts!$B$61)/100) -> 11.6
A87: Hector Truck Rib | G87: Photo | H87: Datasheet
A88: Thickness (mm) | B88: Insertion(s) | C88: Insertion type | D88: Width (mtr) | E88: Length (mtr) | F88: Article nr. | G88: Gross sales price per SQM in EUR | H88: Nett price per SQM in EUR
A89: 4.5 | B89: - | C89: - | D89: 2 | E89: 10 | F89: TL65 4,5/0 | G89: 34.5 | H89: =G89*((100-Discounts!$B$62)/100) -> 13.8
A90: 6 | B90: - | C90: - | D90: 2 | E90: 10 | F90: TL65 6/0 | G90: 45.25 | H90: =G90*((100-Discounts!$B$62)/100) -> 18.1
A91: 6 | B91: 2 | C91: nylon | D91: 1.6 | E91: 10 | F91: TL65 6/2 | G91: 57.75 | H91: =G91*((100-Discounts!$B$62)/100) -> 23.1
A92: Vidar Coin Mat | G92: Photo | H92: Datasheet
A93: Thickness (mm) | B93: Insertion(s) | C93: Insertion type | D93: Width (mtr) | E93: Length (mtr) | F93: Article nr. | G93: Gross sales price per SQM in EUR | H93: Nett price per SQM in EUR
A94: 3 | B94: - | C94: - | D94: 1 | E94: 10 | F94: CS80 3/0 | G94: 25 | H94: =G94*((100-Discounts!$B$63)/100) -> 10
A95: 3 | B95: - | C95: - | D95: 1.2 | E95: 10 | F95: CS80 3/0 | G95: 25 | H95: =G95*((100-Discounts!$B$63)/100) -> 10
A96: 4 | B96: - | C96: - | D96: 1.2 | E96: 10 | F96: CS80 4/0 | G96: 35.25 | H96: =G96*((100-Discounts!$B$63)/100) -> 14.1
A97: 4.5 | B97: - | C97: - | D97: 1 | E97: 10 | F97: CS80 4,5/0 | G97: 36.5 | H97: =G97*((100-Discounts!$B$63)/100) -> 14.6
A98: 4.5 | B98: - | C98: - | D98: 1.2 | E98: 10 | F98: CS80 4,5/0 | G98: 36.5 | H98: =G98*((100-Discounts!$B$63)/100) -> 14.6
A99: Vidar Coin Mat (colour) | G99: Photo | H99: Datasheet
A100: Thickness (mm) | B100: Insertion(s) | C100: Insertion type | D100: Width (mtr) | E100: Length (mtr) | F100: Article nr. | G100: Gross sales price per SQM in EUR | H100: Nett price per SQM in EUR | I100: Colour
...

Sheet ALL
A1: Article nr. | B1: Name | C1: Gross price, EUR | D1: Quantity | E1: Unit | F1: Thickness | G1: Width | H1: Length | I1: Group | J1: Material | K1: Min °C | L1: Max °C | M1: Colour | N1: Hardness | O1: Insertion | P1: Insertion type | Q1: Nett price, EUR | R1: Catalog | S1: Tensile strength, Mpa | T1: Elongation, % | W1: =-1+SUBTOTAL(103,R:R) -> 862
F2: NR/SBR Rubber sheets | R2: =IF(ISNUMBER(Table3[[#This Row],[Thickness]]), "Zenith", "")
F3: Black Miami | Q3: Datasheet | R3: =IF(ISNUMBER(Table3[[#This Row],[Thickness]]), "Zenith", "")
A4: Article nr. | C4: Gross sales price per SQM in EUR | F4: Thickness (mm) | O4: Insertion(s) | P4: Insertion type | Q4: Nett price per SQM in EUR | R4: =IF(ISNUMBER(Table3[[#This Row],[Thickness]]), "Zenith", "")
A5: SX70150 1/0 | B5: Black Miami | C5: 8 | E5: M2 | F5: 1 | G5: 1400 | H5: 10000 | I5: KUMM | J5: SBR | K5: -30 | L5: 70 | M5: Black | N5: 70 | O5: - | P5: - | Q5: =C5*((100-Discounts!$B$6)/100) -> 3.2 | R5: =IF(ISNUMBER(Table3[[#This Row],[Thickness]]), "Zenith", "") -> Zenith | S5: 3 | T5: 200
A6: SX70150 1/0 | B6: Black Miami | C6: 8 | E6: M2 | F6: 1 | G6: 1400 | H6: 20000 | I6: KUMM | J6: SBR | K6: -30 | L6: 70 | M6: Black | N6: 70 | O6: - | P6: - | Q6: =C6*((100-Discounts!$B$6)/100) -> 3.2 | R6: =IF(ISNUMBER(Table3[[#This Row],[Thickness]]), "Zenith", "") -> Zenith | S6: 3 | T6: 200
A7: SX70150 1,5/0 | B7: Black Miami | C7: 9.5 | E7: M2 | F7: 1.5 | G7: 1400 | H7: 15000 | I7: KUMM | J7: SBR | K7: -30 | L7: 70 | M7: Black | N7: 70 | O7: - | P7: - | Q7: =C7*((100-Discounts!$B$6)/100) -> 3.8 | R7: =IF(ISNUMBER(Table3[[#This Row],[Thickness]]), "Zenith", "") -> Zenith | S7: 3 | T7: 200
A8: SX70150 1,5/0 | B8: Black Miami | C8: 9.5 | E8: M2 | F8: 1.5 | G8: 1500 | H8: 15000 | I8: KUMM | J8: SBR | K8: -30 | L8: 70 | M8: Black | N8: 70 | O8: - | P8: - | Q8: =C8*((100-Discounts!$B$6)/100) -> 3.8 | R8: =IF(ISNUMBER(Table3[[#This Row],[Thickness]]), "Zenith", "") -> Zenith | S8: 3 | T8: 200
A9: SX70150 2/0 | B9: Black Miami | C9: 12 | E9: M2 | F9: 2 | G9: 1200 | H9: 10000 | I9: KUMM | J9: SBR | K9: -30 | L9: 70 | M9: Black | N9: 70 | O9: - | P9: - | Q9: =C9*((100-Discounts!$B$6)/100) -> 4.8 | R9: =IF(ISNUMBER(Table3[[#This Row],[Thickness]]), "Zenith", "") -> Zenith | S9: 3 | T9: 200
A10: SX70150 2/0 | B10: Black Miami | C10: 12 | E10: M2 | F10: 2 | G10: 1400 | H10: 10000 | I10: KUMM | J10: SBR | K10: -30 | L10: 70 | M10: Black | N10: 70 | O10: - | P10: - | Q10: =C10*((100-Discounts!$B$6)/100) -> 4.8 | R10: =IF(ISNUMBER(Table3[[#This Row],[Thickness]]), "Zenith", "") -> Zenith | S10: 3 | T10: 200
A11: SX70150 2/0 | B11: Black Miami | C11: 12 | E11: M2 | F11: 2 | G11: 1400 | H11: 20000 | I11: KUMM | J11: SBR | K11: -30 | L11: 70 | M11: Black | N11: 70 | O11: - | P11: - | Q11: =C11*((100-Discounts!$B$6)/100) -> 4.8 | R11: =IF(ISNUMBER(Table3[[#This Row],[Thickness]]), "Zenith", "") -> Zenith | S11: 3 | T11: 200
A12: SX70150 3/0 | B12: Black Miami | C12: 17.25 | E12: M2 | F12: 3 | G12: 1200 | H12: 10000 | I12: KUMM | J12: SBR | K12: -30 | L12: 70 | M12: Black | N12: 70 | O12: - | P12: - | Q12: =C12*((100-Discounts!$B$6)/100) -> 6.9 | R12: =IF(ISNUMBER(Table3[[#This Row],[Thickness]]), "Zenith", "") -> Zenith | S12: 3 | T12: 200
A13: SX70150 3/0 | B13: Black Miami | C13: 17.25 | E13: M2 | F13: 3 | G13: 1400 | H13: 10000 | I13: KUMM | J13: SBR | K13: -30 | L13: 70 | M13: Black | N13: 70 | O13: - | P13: - | Q13: =C13*((100-Discounts!$B$6)/100) -> 6.9 | R13: =IF(ISNUMBER(Table3[[#This Row],[Thickness]]), "Zenith", "") -> Zenith | S13: 3 | T13: 200
A14: SX70150 3/0 | B14: Black Miami | C14: 17.25 | E14: M2 | F14: 3 | G14: 1400 | H14: 20000 | I14: KUMM | J14: SBR | K14: -30 | L14: 70 | M14: Black | N14: 70 | O14: - | P14: - | Q14: =C14*((100-Discounts!$B$6)/100) -> 6.9 | R14: =IF(ISNUMBER(Table3[[#This Row],[Thickness]]), "Zenith", "") -> Zenith | S14: 3 | T14: 200
A15: SX70150 3/0 | B15: Black Miami | C15: 17.25 | E15: M2 | F15: 3 | G15: 1800 | H15: 10000 | I15: KUMM | J15: SBR | K15: -30 | L15: 70 | M15: Black | N15: 70 | O15: - | P15: - | Q15: =C15*((100-Discounts!$B$6)/100) -> 6.9 | R15: =IF(ISNUMBER(Table3[[#This Row],[Thickness]]), "Zenith", "") -> Zenith | S15: 3 | T15: 200
A16: SX70150 4/0 | B16: Black Miami | C16: 22.75 | E16: M2 | F16: 4 | G16: 1200 | H16: 10000 | I16: KUMM | J16: SBR | K16: -30 | L16: 70 | M16: Black | N16: 70 | O16: - | P16: - | Q16: =C16*((100-Discounts!$B$6)/100) -> 9.1 | R16: =IF(ISNUMBER(Table3[[#This Row],[Thickness]]), "Zenith", "") -> Zenith | S16: 3 | T16: 200
... A35: SX70150 30/0 | B35: Black Miami | C35: 166.75 | E35: M2 | F35: 30 | G35: 1400 | H35: 5000 | I35: KUMM | J35: SBR | K35: -30 | L35: 70 | M35: Black | N35: 70 | O35: - | P35: - | Q35: =C35*((100-Discounts!$B$6)/100) -> 66.7 | R35: =IF(ISNUMBER(Table3[[#This Row],[Thickness]]), "Zenith", "") -> Zenith | S35: 3 | T35: 200
F36: Black Miami with insertion(s) | G36: 0 | H36: 0 | I36: KUMM | J36: SBR | K36: -30 | L36: 70 | M36: Black | N36: 70 | Q36: Datasheet | R36: =IF(ISNUMBER(Table3[[#This Row],[Thickness]]), "Zenith", "")
A37: Article nr. | C37: Gross sales price per SQM in EUR | F37: Thickness (mm) | G37: #VALUE! | H37: #VALUE! | I37: KUMM | J37: SBR | K37: -30 | L37: 70 | M37: Black | N37: 70 | O37: Insertion(s) | P37: Insertion type | Q37: Nett price per SQM in EUR | R37: =IF(ISNUMBER(Table3[[#This Row],[Thickness]]), "Zenith", "")
A38: SX70151 1,5/1 | B38: Black Miami with insertion | C38: 11 | E38: M2 | F38: 1.5 | G38: 1400 | H38: 15000 | I38: KUMM | J38: SBR | K38: -30 | L38: 70 | M38: Black | N38: 70 | O38: 1 | P38: cotton | Q38: =C38*((100-Discounts!$B$6)/100) -> 4.4 | R38: =IF(ISNUMBER(Table3[[#This Row],[Thickness]]), "Zenith", "") -> Zenith | S38: 3 | T38: 200
A39: SX70151 2/1 | B39: Black Miami with insertion | C39: 13.5 | E39: M2 | F39: 2 | G39: 1200 | H39: 10000 | I39: KUMM | J39: SBR | K39: -30 | L39: 70 | M39: Black | N39: 70 | O39: 1 | P39: cotton | Q39: =C39*((100-Discounts!$B$6)/100) -> 5.4 | R39: =IF(ISNUMBER(Table3[[#This Row],[Thickness]]), "Zenith", "") -> Zenith | S39: 3 | T39: 200
A40: SX70151 2/1 | B40: Black Miami with insertion | C40: 13.5 | E40: M2 | F40: 2 | G40: 1400 | H40: 10000 | I40: KUMM | J40: SBR | K40: -30 | L40: 70 | M40: Black | N40: 70 | O40: 1 | P40: cotton | Q40: =C40*((100-Discounts!$B$6)/100) -> 5.4 | R40: =IF(ISNUMBER(Table3[[#This Row],[Thickness]]), "Zenith", "") -> Zenith | S40: 3 | T40: 200
A41: SX70151 3/1 | B41: Black Miami with insertion | C41: 18.75 | E41: M2 | F41: 3 | G41: 1200 | H41: 10000 | I41: KUMM | J41: SBR | K41: -30 | L41: 70 | M41: Black | N41: 70 | O41: 1 | P41: cotton | Q41: =C41*((100-Discounts!$B$6)/100) -> 7.5 | R41: =IF(ISNUMBER(Table3[[#This Row],[Thickness]]), "Zenith", "") -> Zenith | S41: 3 | T41: 200
A42: SX70151 3/1 | B42: Black Miami with insertion | C42: 18.75 | E42: M2 | F42: 3 | G42: 1400 | H42: 10000 | I42: KUMM | J42: SBR | K42: -30 | L42: 70 | M42: Black | N42: 70 | O42: 1 | P42: cotton | Q42: =C42*((100-Discounts!$B$6)/100) -> 7.5 | R42: =IF(ISNUMBER(Table3[[#This Row],[Thickness]]), "Zenith", "") -> Zenith | S42: 3 | T42: 200
A43: SX70151 3/1 | B43: Black Miami with insertion | C43: 18.75 | E43: M2 | F43: 3 | G43: 1500 | H43: 10000 | I43: KUMM | J43: SBR | K43: -30 | L43: 70 | M43: Black | N43: 70 | O43: 1 | P43: cotton | Q43: =C43*((100-Discounts!$B$6)/100) -> 7.5 | R43: =IF(ISNUMBER(Table3[[#This Row],[Thickness]]), "Zenith", "") -> Zenith | S43: 3 | T43: 200
A44: SX70152 3/2 | B44: Black Miami with insertion | C44: 20.25 | E44: M2 | F44: 3 | G44: 1200 | H44: 10000 | I44: KUMM | J44: SBR | K44: -30 | L44: 70 | M44: Black | N44: 70 | O44: 2 | P44: cotton | Q44: =C44*((100-Discounts!$B$6)/100) -> 8.1 | R44: =IF(ISNUMBER(Table3[[#This Row],[Thickness]]), "Zenith", "") -> Zenith | S44: 3 | T44: 200
A45: SX70152 3/2 | B45: Black Miami with insertion | C45: 20.25 | E45: M2 | F45: 3 | G45: 1400 | H45: 10000 | I45: KUMM | J45: SBR | K45: -30 | L45: 70 | M45: Black | N45: 70 | O45: 2 | P45: cotton | Q45: =C45*((100-Discounts!$B$6)/100) -> 8.1 | R45: =IF(ISNUMBER(Table3[[#This Row],[Thickness]]), "Zenith", "") -> Zenith | S45: 3 | T45: 200
A46: SX70151 4/1 | B46: Black Miami with insertion | C46: 24.25 | E46: M2 | F46: 4 | G46: 1200 | H46: 10000 | I46: KUMM | J46: SBR | K46: -30 | L46: 70 | M46: Black | N46: 70 | O46: 1 | P46: cotton | Q46: =C46*((100-Discounts!$B$6)/100) -> 9.7 | R46: =IF(ISNUMBER(Table3[[#This Row],[Thickness]]), "Zenith", "") -> Zenith | S46: 3 | T46: 200
A47: SX70151 4/1 | B47: Black Miami with insertion | C47: 24.25 | E47: M2 | F47: 4 | G47: 1400 | H47: 10000 | I47: KUMM | J47: SBR | K47: -30 | L47: 70 | M47: Black | N47: 70 | O47: 1 | P47: cotton | Q47: =C47*((100-Discounts!$B$6)/100) -> 9.7 | R47: =IF(ISNUMBER(Table3[[#This Row],[Thickness]]), "Zenith", "") -> Zenith | S47: 3 | T47: 200
A48: SX70152 4/2 | B48: Black Miami with insertion | C48: 25.75 | E48: M2 | F48: 4 | G48: 1200 | H48: 10000 | I48: KUMM | J48: SBR | K48: -30 | L48: 70 | M48: Black | N48: 70 | O48: 2 | P48: cotton | Q48: =C48*((100-Discounts!$B$6)/100) -> 10.3 | R48: =IF(ISNUMBER(Table3[[#This Row],[Thickness]]), "Zenith", "") -> Zenith | S48: 3 | T48: 200
A49: SX70152 4/2 | B49: Black Miami with insertion | C49: 25.75 | E49: M2 | F49: 4 | G49: 1400 | H49: 10000 | I49: KUMM | J49: SBR | K49: -30 | L49: 70 | M49: Black | N49: 70 | O49: 2 | P49: cotton | Q49: =C49*((100-Discounts!$B$6)/100) -> 10.3 | R49: =IF(ISNUMBER(Table3[[#This Row],[Thickness]]), "Zenith", "") -> Zenith | S49: 3 | T49: 200
... A65: SX70152 10/2 | B65: Black Miami with insertion | C65: 58 | E65: M2 | F65: 10 | G65: 1400 | H65: 5000 | I65: KUMM | J65: SBR | K65: -30 | L65: 70 | M65: Black | N65: 70 | O65: 2 | P65: cotton | Q65: =C65*((100-Discounts!$B$6)/100) -> 23.2 | R65: =IF(ISNUMBER(Table3[[#This Row],[Thickness]]), "Zenith", "") -> Zenith | S65: 3 | T65: 200
F66: Black Miami flat sheets | G66: 0 | H66: 0 | I66: KUMM | J66: SBR | K66: -30 | L66: 70 | M66: Black | N66: 70 | Q66: Datasheet | R66: =IF(ISNUMBER(Table3[[#This Row],[Thickness]]), "Zenith", "")
A67: Article nr. | C67: Gross sales price per SQM in EUR | F67: Thickness (mm) | G67: #VALUE! | H67: #VALUE! | I67: KUMM | J67: SBR | K67: -30 | L67: 70 | M67: Black | N67: 70 | O67: Insertion(s) | P67: Insertion type | Q67: Nett price per piece in EUR | R67: =IF(ISNUMBER(Table3[[#This Row],[Thickness]]), "Zenith", "")
A68: SX70150 10/0-1x1 | B68: Black Miami flat sheets | C68: 56.5 | E68: M2 | F68: 10 | G68: 1000 | H68: 1000 | I68: KUMM | J68: SBR | K68: -30 | L68: 70 | M68: Black | N68: 70 | O68: - | P68: - | Q68: =C68*((100-Discounts!$B$6)/100) -> 22.6 | R68: =IF(ISNUMBER(Table3[[#This Row],[Thickness]]), "Zenith", "") -> Zenith | S68: 3 | T68: 200
A69: SX70150 15/0-1x1 | B69: Black Miami flat sheets | C69: 83.75 | E69: M2 | F69: 15 | G69: 1000 | H69: 1000 | I69: KUMM | J69: SBR | K69: -30 | L69: 70 | M69: Black | N69: 70 | O69: - | P69: - | Q69: =C69*((100-Discounts!$B$6)/100) -> 33.5 | R69: =IF(ISNUMBER(Table3[[#This Row],[Thickness]]), "Zenith", "") -> Zenith | S69: 3 | T69: 200
A70: SX70150 20/0-1x1 | B70: Black Miami flat sheets | C70: 111.5 | E70: M2 | F70: 20 | G70: 1000 | H70: 1000 | I70: KUMM | J70: SBR | K70: -30 | L70: 70 | M70: Black | N70: 70 | O70: - | P70: - | Q70: =C70*((100-Discounts!$B$6)/100) -> 44.6 | R70: =IF(ISNUMBER(Table3[[#This Row],[Thickness]]), "Zenith", "") -> Zenith | S70: 3 | T70: 200
A71: SX70150 20/0-1,5x1 | B71: Black Miami flat sheets | C71: 167.25 | E71: M2 | F71: 20 | G71: 1500 | H71: 1000 | I71: KUMM | J71: SBR | K71: -30 | L71: 70 | M71: Black | N71: 70 | O71: - | P71: - | Q71: =C71*((100-Discounts!$B$6)/100) -> 66.9 | R71: =IF(ISNUMBER(Table3[[#This Row],[Thickness]]), "Zenith", "") -> Zenith | S71: 3 | T71: 200
A72: SX70150 25/0-1x1 | B72: Black Miami flat sheets | C72: 137.5 | E72: M2 | F72: 25 | G72: 1000 | H72: 1000 | I72: KUMM | J72: SBR | K72: -30 | L72: 70 | M72: Black | N72: 70 | O72: - | P72: - | Q72: =C72*((100-Discounts!$B$6)/100) -> 55 | R72: =IF(ISNUMBER(Table3[[#This Row],[Thickness]]), "Zenith", "") -> Zenith | S72: 3 | T72: 200
A73: SX70150 25/0-1,5x1 | B73: Black Miami flat sheets | C73: 206.25 | E73: M2 | F73: 25 | G73: 1500 | H73: 1000 | I73: KUMM | J73: SBR | K73: -30 | L73: 70 | M73: Black | N73: 70 | O73: - | P73: - | Q73: =C73*((100-Discounts!$B$6)/100) -> 82.5 | R73: =IF(ISNUMBER(Table3[[#This Row],[Thickness]]), "Zenith", "") -> Zenith | S73: 3 | T73: 200
A74: SX70150 30/0-1x1 | B74: Black Miami flat sheets | C74: 171.75 | E74: M2 | F74: 30 | G74: 1000 | H74: 1000 | I74: KUMM | J74: SBR | K74: -30 | L74: 70 | M74: Black | N74: 70 | O74: - | P74: - | Q74: =C74*((100-Discounts!$B$6)/100) -> 68.7 | R74: =IF(ISNUMBER(Table3[[#This Row],[Thickness]]), "Zenith", "") -> Zenith | S74: 3 | T74: 200
A75: SX70150 30/0-1,5x1 | B75: Black Miami flat sheets | C75: 257.75 | E75: M2 | F75: 30 | G75: 1500 | H75: 1000 | I75: KUMM | J75: SBR | K75: -30 | L75: 70 | M75: Black | N75: 70 | O75: - | P75: - | Q75: =C75*((100-Discounts!$B$6)/100) -> 103.1 | R75: =IF(ISNUMBER(Table3[[#This Row],[Thickness]]), "Zenith", "") -> Zenith | S75: 3 | T75: 200
A76: SX70150 40/0-1x1 | B76: Black Miami flat sheets | C76: 241.25 | E76: M2 | F76: 40 | G76: 1000 | H76: 1000 | I76: KUMM | J76: SBR | K76: -30 | L76: 70 | M76: Black | N76: 70 | O76: - | P76: - | Q76: =C76*((100-Discounts!$B$6)/100) -> 96.5 | R76: =IF(ISNUMBER(Table3[[#This Row],[Thickness]]), "Zenith", "") -> Zenith | S76: 3 | T76: 200
A77: SX70150 40/0-1,5x1 | B77: Black Miami flat sheets | C77: 362 | E77: M2 | F77: 40 | G77: 1500 | H77: 1000 | I77: KUMM | J77: SBR | K77: -30 | L77: 70 | M77: Black | N77: 70 | O77: - | P77: - | Q77: =C77*((100-Discounts!$B$6)/100) -> 144.8 | R77: =IF(ISNUMBER(Table3[[#This Row],[Thickness]]), "Zenith", "") -> Zenith | S77: 3 | T77: 200
A78: SX70150 50/0-1x1 | B78: Black Miami flat sheets | C78: 317 | E78: M2 | F78: 50 | G78: 1000 | H78: 1000 | I78: KUMM | J78: SBR | K78: -30 | L78: 70 | M78: Black | N78: 70 | O78: - | P78: - | Q78: =C78*((100-Discounts!$B$6)/100) -> 126.8 | R78: =IF(ISNUMBER(Table3[[#This Row],[Thickness]]), "Zenith", "") -> Zenith | S78: 3 | T78: 200
F79: Zenstar | G79: 0 | H79: 0 | I79: KUMM | J79: SBR | K79: -30 | L79: 70 | M79: Black | N79: 70 | Q79: Datasheet | R79: =IF(ISNUMBER(Table3[[#This Row],[Thickness]]), "Zenith", "")
A80: Article nr. | C80: Gross sales price per SQM in EUR | F80: Thickness (mm) | G80: #VALUE! | H80: #VALUE! | I80: KUMM | J80: SBR | K80: -30 | L80: 70 | M80: Black | O80: Insertion(s) | P80: Insertion type | Q80: Nett price per SQM in EUR | R80: =IF(ISNUMBER(Table3[[#This Row],[Thickness]]), "Zenith", "")
A81: SB65130 1/0 | B81: Zenstar | C81: 9 | E81: M2 | F81: 1 | G81: 1400 | H81: 20000 | I81: KUMM | J81: SBR | K81: -30 | L81: 70 | M81: Black | N81: 60 | O81: - | P81: - | Q81: =C81*((100-Discounts!$B$7)/100) -> 3.15 | R81: =IF(ISNUMBER(Table3[[#This Row],[Thickness]]), "Zenith", "") -> Zenith | S81: 6 | T81: 250
A82: SB65130 1,5/0 | B82: Zenstar | C82: 13 | E82: M2 | F82: 1.5 | G82: 1400 | H82: 15000 | I82: KUMM | J82: SBR | K82: -30 | L82: 70 | M82: Black | N82: 60 | O82: - | P82: - | Q82: =C82*((100-Discounts!$B$7)/100) -> 4.55 | R82: =IF(ISNUMBER(Table3[[#This Row],[Thickness]]), "Zenith", "") -> Zenith | S82: 6 | T82: 250
A83: SB65130 2/0 | B83: Zenstar | C83: 17 | E83: M2 | F83: 2 | G83: 1400 | H83: 10000 | I83: KUMM | J83: SBR | K83: -30 | L83: 70 | M83: Black | N83: 60 | O83: - | P83: - | Q83: =C83*((100-Discounts!$B$7)/100) -> 5.95 | R83: =IF(ISNUMBER(Table3[[#This Row],[Thickness]]), "Zenith", "") -> Zenith | S83: 6 | T83: 250
A84: SB65130 3/0 | B84: Zenstar | C84: 24.5 | E84: M2 | F84: 3 | G84: 1400 | H84: 10000 | I84: KUMM | J84: SBR | K84: -30 | L84: 70 | M84: Black | N84: 60 | O84: - | P84: - | Q84: =C84*((100-Discounts!$B$7)/100) -> 8.575 | R84: =IF(ISNUMBER(Table3[[#This Row],[Thickness]]), "Zenith", "") -> Zenith | S84: 6 | T84: 250
A85: SB65130 4/0 | B85: Zenstar | C85: 32.5 | E85: M2 | F85: 4 | G85: 1400 | H85: 10000 | I85: KUMM | J85: SBR | K85: -30 | L85: 70 | M85: Black | N85: 60 | O85: - | P85: - | Q85: =C85*((100-Discounts!$B$7)/100) -> 11.375 | R85: =IF(ISNUMBER(Table3[[#This Row],[Thickness]]), "Zenith", "") -> Zenith | S85: 6 | T85: 250
A86: SB65130 5/0 | B86: Zenstar | C86: 40.75 | E86: M2 | F86: 5 | G86: 1400 | H86: 10000 | I86: KUMM | J86: SBR | K86: -30 | L86: 70 | M86: Black | N86: 60 | O86: - | P86: - | Q86: =C86*((100-Discounts!$B$7)/100) -> 14.2625 | R86: =IF(ISNUMBER(Table3[[#This Row],[Thickness]]), "Zenith", "") -> Zenith | S86: 6 | T86: 250
A87: SB65130 6/0 | B87: Zenstar | C87: 48 | E87: M2 | F87: 6 | G87: 1400 | H87: 10000 | I87: KUMM | J87: SBR | K87: -30 | L87: 70 | M87: Black | N87: 60 | O87: - | P87: - | Q87: =C87*((100-Discounts!$B$7)/100) -> 16.8 | R87: =IF(ISNUMBER(Table3[[#This Row],[Thickness]]), "Zenith", "") -> Zenith | S87: 6 | T87: 250
A88: SB65130 6/0 | B88: Zenstar | C88: 48 | E88: M2 | F88: 6 | G88: 1500 | H88: 10000 | I88: KUMM | J88: SBR | K88: -30 | L88: 70 | M88: Black | N88: 60 | O88: - | P88: - | Q88: =C88*((100-Discounts!$B$7)/100) -> 16.8 | R88: =IF(ISNUMBER(Table3[[#This Row],[Thickness]]), "Zenith", "") -> Zenith | S88: 6 | T88: 250
A89: SB65130 8/0 | B89: Zenstar | C89: 63.75 | E89: M2 | F89: 8 | G89: 1400 | H89: 10000 | I89: KUMM | J89: SBR | K89: -30 | L89: 70 | M89: Black | N89: 60 | O89: - | P89: - | Q89: =C89*((100-Discounts!$B$7)/100) -> 22.3125 | R89: =IF(ISNUMBER(Table3[[#This Row],[Thickness]]), "Zenith", "") -> Zenith | S89: 6 | T89: 250
A90: SB65130 8/0 | B90: Zenstar | C90: 63.75 | E90: M2 | F90: 8 | G90: 1400 | H90: 20000 | I90: KUMM | J90: SBR | K90: -30 | L90: 70 | M90: Black | N90: 60 | O90: - | P90: - | Q90: =C90*((100-Discounts!$B$7)/100) -> 22.3125 | R90: =IF(ISNUMBER(Table3[[#This Row],[Thickness]]), "Zenith", "") -> Zenith | S90: 6 | T90: 250
A91: SB65130 10/0 | B91: Zenstar | C91: 79.25 | E91: M2 | F91: 10 | G91: 1400 | H91: 10000 | I91: KUMM | J91: SBR | K91: -30 | L91: 70 | M91: Black | N91: 60 | O91: - | P91: - | Q91: =C91*((100-Discounts!$B$7)/100) -> 27.7375 | R91: =IF(ISNUMBER(Table3[[#This Row],[Thickness]]), "Zenith", "") -> Zenith | S91: 6 | T91: 250
A92: SB65130 10/0 | B92: Zenstar | C92: 79.25 | E92: M2 | F92: 10 | G92: 1400 | H92: 20000 | I92: KUMM | J92: SBR | K92: -30 | L92: 70 | M92: Black | N92: 60 | O92: - | P92: - | Q92: =C92*((100-Discounts!$B$7)/100) -> 27.7375 | R92: =IF(ISNUMBER(Table3[[#This Row],[Thickness]]), "Zenith", "") -> Zenith | S92: 6 | T92: 250
... A94: SB65130 15/0 | B94: Zenstar | C94: 118 | E94: M2 | F94: 15 | G94: 1400 | H94: 10000 | I94: KUMM | J94: SBR | K94: -30 | L94: 70 | M94: Black | N94: 60 | O94: - | P94: - | Q94: =C94*((100-Discounts!$B$7)/100) -> 41.3 | R94: =IF(ISNUMBER(Table3[[#This Row],[Thickness]]), "Zenith", "") -> Zenith | S94: 6 | T94: 250
F95: Zenstar | G95: 0 | H95: 0 | I95: KUMM | J95: SBR | K95: -30 | L95: 70 | M95: Black | N95: 60 | Q95: Datasheet | R95: =IF(ISNUMBER(Table3[[#This Row],[Thickness]]), "Zenith", "")
A96: Article nr. | C96: Gross sales price per SQM in EUR | F96: Thickness (mm) | G96: #VALUE! | H96: #VALUE! | I96: KUMM | J96: SBR | O96: Insertion(s) | P96: Insertion type | Q96: Nett price per SQM in EUR | R96: =IF(ISNUMBER(Table3[[#This Row],[Thickness]]), "Zenith", "")
A97: SB65131 4/1EP | B97: Zenstar | C97: 41.5 | E97: M2 | F97: 4 | G97: 1500 | H97: 15000 | I97: KUMM | J97: SBR | K97: -30 | L97: 70 | M97: Black | N97: 60 | O97: 1 | P97: EP | Q97: =C97*((100-Discounts!$B$7)/100) -> 14.525 | R97: =IF(ISNUMBER(Table3[[#This Row],[Thickness]]), "Zenith", "") -> Zenith | S97: 6 | T97: 250
A98: SB65132 6/2EP | B98: Zenstar | C98: 66 | E98: M2 | F98: 6 | G98: 1500 | H98: 10000 | I98: KUMM | J98: SBR | K98: -30 | L98: 70 | M98: Black | N98: 60 | O98: 2 | P98: EP | Q98: =C98*((100-Discounts!$B$7)/100) -> 23.1 | R98: =IF(ISNUMBER(Table3[[#This Row],[Thickness]]), "Zenith", "") -> Zenith | S98: 6 | T98: 250
F99: Black Miami 50 | G99: 0 | H99: 0 | I99: KUMM | J99: SBR | Q99: Datasheet | R99: =IF(ISNUMBER(Table3[[#This Row],[Thickness]]), "Zenith", "")
A100: Article nr. | C100: Gross sales price per SQM in EUR | F100: Thickness (mm) | G100: #VALUE! | H100: #VALUE! | I100: KUMM | J100: SBR | O100: Insertion(s) | P100: Insertion type | Q100: Nett price per SQM in EUR | R100: =IF(ISNUMBER(Table3[[#This Row],[Thickness]]), "Zenith", "")
A101: SX50150 2/0 | B101: Black Miami 50 | C101: 16 | E101: M2 | F101: 2 | G101: 1400 | H101: 10000 | I101: KUMM | J101: SBR | K101: -30 | L101: 70 | M101: Black | N101: 50 | O101: - | P101: - | Q101: =C101*((100-Discounts!$B$8)/100) -> 6.72 | R101: =IF(ISNUMBER(Table3[[#This Row],[Thickness]]), "Zenith", "") -> Zenith | S101: 3 | T101: 200
A102: SX50150 3/0 | B102: Black Miami 50 | C102: 23.25 | E102: M2 | F102: 3 | G102: 1400 | H102: 10000 | I102: KUMM | J102: SBR | K102: -30 | L102: 70 | M102: Black | N102: 50 | O102: - | P102: - | Q102: =C102*((100-Discounts!$B$8)/100) -> 9.765 | R102: =IF(ISNUMBER(Table3[[#This Row],[Thickness]]), "Zenith", "") -> Zenith | S102: 3 | T102: 200
A103: SX50150 4/0 | B103: Black Miami 50 | C103: 31 | E103: M2 | F103: 4 | G103: 1400 | H103: 10000 | I103: KUMM | J103: SBR | K103: -30 | L103: 70 | M103: Black | N103: 50 | O103: - | P103: - | Q103: =C103*((100-Discounts!$B$8)/100) -> 13.02 | R103: =IF(ISNUMBER(Table3[[#This Row],[Thickness]]), "Zenith", "") -> Zenith | S103: 3 | T103: 200
A104: SX50150 5/0 | B104: Black Miami 50 | C104: 38.5 | E104: M2 | F104: 5 | G104: 1400 | H104: 10000 | I104: KUMM | J104: SBR | K104: -30 | L104: 70 | M104: Black | N104: 50 | O104: - | P104: - | Q104: =C104*((100-Discounts!$B$8)/100) -> 16.17 | R104: =IF(ISNUMBER(Table3[[#This Row],[Thickness]]), "Zenith", "") -> Zenith | S104: 3 | T104: 200
A105: SX50150 6/0 | B105: Black Miami 50 | C105: 46.25 | E105: M2 | F105: 6 | G105: 1400 | H105: 10000 | I105: KUMM | J105: SBR | K105: -30 | L105: 70 | M105: Black | N105: 50 | O105: - | P105: - | Q105: =C105*((100-Discounts!$B$8)/100) -> 19.425 | R105: =IF(ISNUMBER(Table3[[#This Row],[Thickness]]), "Zenith", "") -> Zenith | S105: 3 | T105: 200
A106: SX50150 8/0 | B106: Black Miami 50 | C106: 61 | E106: M2 | F106: 8 | G106: 1400 | H106: 5000 | I106: KUMM | J106: SBR | K106: -30 | L106: 70 | M106: Black | N106: 50 | O106: - | P106: - | Q106: =C106*((100-Discounts!$B$8)/100) -> 25.62 | R106: =IF(ISNUMBER(Table3[[#This Row],[Thickness]]), "Zenith", "") -> Zenith | S106: 3 | T106: 200
A107: SX50150 10/0 | B107: Black Miami 50 | C107: 75.25 | E107: M2 | F107: 10 | G107: 1400 | H107: 5000 | I107: KUMM | J107: SBR | K107: -30 | L107: 70 | M107: Black | N107: 50 | O107: - | P107: - | Q107: =C107*((100-Discounts!$B$8)/100) -> 31.605 | R107: =IF(ISNUMBER(Table3[[#This Row],[Thickness]]), "Zenith", "") -> Zenith | S107: 3 | T107: 200
A108: SX50150 15/0 | B108: Black Miami 50 | C108: 112 | E108: M2 | F108: 15 | G108: 1400 | H108: 5000 | I108: KUMM | J108: SBR | K108: -30 | L108: 70 | M108: Black | N108: 50 | O108: - | P108: - | Q108: =C108*((100-Discounts!$B$8)/100) -> 47.04 | R108: =IF(ISNUMBER(Table3[[#This Row],[Thickness]]), "Zenith", "") -> Zenith | S108: 3 | T108: 200
A109: SX50150 20/0 | B109: Black Miami 50 | C109: 149.75 | E109: M2 | F109: 20 | G109: 1400 | H109: 5000 | I109: KUMM | J109: SBR | K109: -30 | L109: 70 | M109: Black | N109: 50 | O109: - | P109: - | Q109: =C109*((100-Discounts!$B$8)/100) -> 62.895 | R109: =IF(ISNUMBER(Table3[[#This Row],[Thickness]]), "Zenith", "") -> Zenith | S109: 3 | T109: 200
F110: NBR Rubber sheets | G110: 0 | H110: 0 | I110: KUMM | R110: =IF(ISNUMBER(Table3[[#This Row],[Thickness]]), "Zenith", "")
F111: Satyr Eco | G111: 0 | H111: 0 | I111: KUMM | Q111: Datasheet | R111: =IF(ISNUMBER(Table3[[#This Row],[Thickness]]), "Zenith", "")
A112: Article nr. | C112: Gross sales price per SQM in EUR | F112: Thickness (mm) | G112: #VALUE! | H112: #VALUE! | I112: KUMM | O112: Insertion(s) | P112: Insertion type | Q112: Nett price per SQM in EUR | R112: =IF(ISNUMBER(Table3[[#This Row],[Thickness]]), "Zenith", "")
A113: NB7010 1/0 | B113: Satyr Eco | C113: 9.75 | E113: M2 | F113: 1 | G113: 1400 | H113: 20000 | I113: KUMM | J113: NBR | K113: -30 | L113: 90 | M113: Black | N113: 70 | O113: - | P113: - | Q113: =C113*((100-Discounts!$B$10)/100) -> 3.9 | R113: =IF(ISNUMBER(Table3[[#This Row],[Thickness]]), "Zenith", "") -> Zenith | S113: 4 | T113: 200
A114: NB7010 1,5/0 | B114: Satyr Eco | C114: 13.25 | E114: M2 | F114: 1.5 | G114: 1400 | H114: 15000 | I114: KUMM | J114: NBR | K114: -30 | L114: 90 | M114: Black | N114: 70 | O114: - | P114: - | Q114: =C114*((100-Discounts!$B$10)/100) -> 5.3 | R114: =IF(ISNUMBER(Table3[[#This Row],[Thickness]]), "Zenith", "") -> Zenith | S114: 4 | T114: 200
A115: NB7010 2/0 | B115: Satyr Eco | C115: 16.25 | E115: M2 | F115: 2 | G115: 1200 | H115: 10000 | I115: KUMM | J115: NBR | K115: -30 | L115: 90 | M115: Black | N115: 70 | O115: - | P115: - | Q115: =C115*((100-Discounts!$B$10)/100) -> 6.5 | R115: =IF(ISNUMBER(Table3[[#This Row],[Thickness]]), "Zenith", "") -> Zenith | S115: 4 | T115: 200
A116: NB7010 2/0 | B116: Satyr Eco | C116: 16.25 | E116: M2 | F116: 2 | G116: 1400 | H116: 10000 | I116: KUMM | J116: NBR | K116: -30 | L116: 90 | M116: Black | N116: 70 | O116: - | P116: - | Q116: =C116*((100-Discounts!$B$10)/100) -> 6.5 | R116: =IF(ISNUMBER(Table3[[#This Row],[Thickness]]), "Zenith", "") -> Zenith | S116: 4 | T116: 200
A117: NB7010 3/0 | B117: Satyr Eco | C117: 23 | E117: M2 | F117: 3 | G117: 1200 | H117: 10000 | I117: KUMM | J117: NBR | K117: -30 | L117: 90 | M117: Black | N117: 70 | O117: - | P117: - | Q117: =C117*((100-Discounts!$B$10)/100) -> 9.2 | R117: =IF(ISNUMBER(Table3[[#This Row],[Thickness]]), "Zenith", "") -> Zenith | S117: 4 | T117: 200
A118: NB7010 3/0 | B118: Satyr Eco | C118: 23 | E118: M2 | F118: 3 | G118: 1400 | H118: 10000 | I118: KUMM | J118: NBR | K118: -30 | L118: 90 | M118: Black | N118: 70 | O118: - | P118: - | Q118: =C118*((100-Discounts!$B$10)/100) -> 9.2 | R118: =IF(ISNUMBER(Table3[[#This Row],[Thickness]]), "Zenith", "") -> Zenith | S118: 4 | T118: 200
A119: NB7010 4/0 | B119: Satyr Eco | C119: 30.5 | E119: M2 | F119: 4 | G119: 1200 | H119: 10000 | I119: KUMM | J119: NBR | K119: -30 | L119: 90 | M119: Black | N119: 70 | O119: - | P119: - | Q119: =C119*((100-Discounts!$B$10)/100) -> 12.2 | R119: =IF(ISNUMBER(Table3[[#This Row],[Thickness]]), "Zenith", "") -> Zenith | S119: 4 | T119: 200
A120: NB7010 4/0 | B120: Satyr Eco | C120: 30.5 | E120: M2 | F120: 4 | G120: 1400 | H120: 10000 | I120: KUMM | J120: NBR | K120: -30 | L120: 90 | M120: Black | N120: 70 | O120: - | P120: - | Q120: =C120*((100-Discounts!$B$10)/100) -> 12.2 | R120: =IF(ISNUMBER(Table3[[#This Row],[Thickness]]), "Zenith", "") -> Zenith | S120: 4 | T120: 200
A121: NB7010 5/0 | B121: Satyr Eco | C121: 38 | E121: M2 | F121: 5 | G121: 1200 | H121: 10000 | I121: KUMM | J121: NBR | K121: -30 | L121: 90 | M121: Black | N121: 70 | O121: - | P121: - | Q121: =C121*((100-Discounts!$B$10)/100) -> 15.2 | R121: =IF(ISNUMBER(Table3[[#This Row],[Thickness]]), "Zenith", "") -> Zenith | S121: 4 | T121: 200
A122: NB7010 5/0 | B122: Satyr Eco | C122: 38 | E122: M2 | F122: 5 | G122: 1400 | H122: 10000 | I122: KUMM | J122: NBR | K122: -30 | L122: 90 | M122: Black | N122: 70 | O122: - | P122: - | Q122: =C122*((100-Discounts!$B$10)/100) -> 15.2 | R122: =IF(ISNUMBER(Table3[[#This Row],[Thickness]]), "Zenith", "") -> Zenith | S122: 4 | T122: 200
A123: NB7010 6/0 | B123: Satyr Eco | C123: 44.5 | E123: M2 | F123: 6 | G123: 1200 | H123: 10000 | I123: KUMM | J123: NBR | K123: -30 | L123: 90 | M123: Black | N123: 70 | O123: - | P123: - | Q123: =C123*((100-Discounts!$B$10)/100) -> 17.8 | R123: =IF(ISNUMBER(Table3[[#This Row],[Thickness]]), "Zenith", "") -> Zenith | S123: 4 | T123: 200
A124: NB7010 6/0 | B124: Satyr Eco | C124: 44.5 | E124: M2 | F124: 6 | G124: 1400 | H124: 10000 | I124: KUMM | J124: NBR | K124: -30 | L124: 90 | M124: Black | N124: 70 | O124: - | P124: - | Q124: =C124*((100-Discounts!$B$10)/100) -> 17.8 | R124: =IF(ISNUMBER(Table3[[#This Row],[Thickness]]), "Zenith", "") -> Zenith | S124: 4 | T124: 200
... A138: NB7010 25/0 | B138: Satyr Eco | C138: 171.75 | E138: M2 | F138: 25 | G138: 1400 | H138: 5000 | I138: KUMM | J138: NBR | K138: -30 | L138: 90 | M138: Black | N138: 70 | O138: - | P138: - | Q138: =C138*((100-Discounts!$B$10)/100) -> 68.7 | R138: =IF(ISNUMBER(Table3[[#This Row],[Thickness]]), "Zenith", "") -> Zenith | S138: 4 | T138: 200
F139: Satyr Eco with insertion(s) | G139: 0 | H139: 0 | I139: KUMM | Q139: Datasheet | R139: =IF(ISNUMBER(Table3[[#This Row],[Thickness]]), "Zenith", "")
A140: Article nr. | C140: Gross sales price per SQM in EUR | F140: Thickness (mm) | G140: #VALUE! | H140: #VALUE! | I140: KUMM | O140: Insertion(s) | P140: Insertion type | Q140: Nett price per SQM in EUR | R140: =IF(ISNUMBER(Table3[[#This Row],[Thickness]]), "Zenith", "")
A141: NB7011 1,5/1 | B141: Satyr Eco with insertion | C141: 19.25 | E141: M2 | F141: 1.5 | G141: 1400 | H141: 10000 | I141: KUMM | J141: NBR | K141: -30 | L141: 90 | M141: Black | N141: 70 | O141: 1 | P141: nylon | Q141: =C141*((100-Discounts!$B$10)/100) -> 7.7 | R141: =IF(ISNUMBER(Table3[[#This Row],[Thickness]]), "Zenith", "") -> Zenith | S141: 4 | T141: 200
A142: NB7011 1,5/1 | B142: Satyr Eco with insertion | C142: 19.25 | E142: M2 | F142: 1.5 | G142: 1400 | H142: 15000 | I142: KUMM | J142: NBR | K142: -30 | L142: 90 | M142: Black | N142: 70 | O142: 1 | P142: nylon | Q142: =C142*((100-Discounts!$B$10)/100) -> 7.7 | R142: =IF(ISNUMBER(Table3[[#This Row],[Thickness]]), "Zenith", "") -> Zenith | S142: 4 | T142: 200
A143: NB7011 2/1 | B143: Satyr Eco with insertion | C143: 22.25 | E143: M2 | F143: 2 | G143: 1200 | H143: 10000 | I143: KUMM | J143: NBR | K143: -30 | L143: 90 | M143: Black | N143: 70 | O143: 1 | P143: nylon | Q143: =C143*((100-Discounts!$B$10)/100) -> 8.9 | R143: =IF(ISNUMBER(Table3[[#This Row],[Thickness]]), "Zenith", "") -> Zenith | S143: 4 | T143: 200
A144: NB7011 2/1 | B144: Satyr Eco with insertion | C144: 22.25 | E144: M2 | F144: 2 | G144: 1400 | H144: 10000 | I144: KUMM | J144: NBR | K144: -30 | L144: 90 | M144: Black | N144: 70 | O144: 1 | P144: nylon | Q144: =C144*((100-Discounts!$B$10)/100) -> 8.9 | R144: =IF(ISNUMBER(Table3[[#This Row],[Thickness]]), "Zenith", "") -> Zenith | S144: 4 | T144: 200
A145: NB7011 3/1 | B145: Satyr Eco with insertion | C145: 29 | E145: M2 | F145: 3 | G145: 1200 | H145: 10000 | I145: KUMM | J145: NBR | K145: -30 | L145: 90 | M145: Black | N145: 70 | O145: 1 | P145: nylon | Q145: =C145*((100-Discounts!$B$10)/100) -> 11.6 | R145: =IF(ISNUMBER(Table3[[#This Row],[Thickness]]), "Zenith", "") -> Zenith | S145: 4 | T145: 200
A146: NB7011 3/1 | B146: Satyr Eco with insertion | C146: 29 | E146: M2 | F146: 3 | G146: 1400 | H146: 10000 | I146: KUMM | J146: NBR | K146: -30 | L146: 90 | M146: Black | N146: 70 | O146: 1 | P146: nylon | Q146: =C146*((100-Discounts!$B$10)/100) -> 11.6 | R146: =IF(ISNUMBER(Table3[[#This Row],[Thickness]]), "Zenith", "") -> Zenith | S146: 4 | T146: 200
A147: NB7012 3/2 | B147: Satyr Eco with insertion | C147: 35 | E147: M2 | F147: 3 | G147: 1200 | H147: 10000 | I147: KUMM | J147: NBR | K147: -30 | L147: 90 | M147: Black | N147: 70 | O147: 2 | P147: nylon | Q147: =C147*((100-Discounts!$B$10)/100) -> 14 | R147: =IF(ISNUMBER(Table3[[#This Row],[Thickness]]), "Zenith", "") -> Zenith | S147: 4 | T147: 200
...
